Rk,Player,Pos,Age,Tm,G,GS,MP,FG,FGA,FG%,3P,3PA,3P%,2P,2PA,2P%,FT,FTA,FT%,ORB,DRB,TRB,AST,STL,BLK,TOV,PF,PTS,Unnamed: 29,ORtg,DRtg
1,Precious Achiuwa,C,24,TOR,18,0,327,8.5,18.6,.456,1.8,5.5,.324,6.7,13.1,.511,2.7,4.3,.621,5.5,11.0,16.5,5.2,1.6,1.2,3.9,4.9,21.4,,106,112
2,Bam Adebayo,C,26,MIA,16,16,537,12.1,23.2,.522,0.1,0.3,.333,12.0,22.9,.524,8.3,10.3,.813,3.0,11.5,14.6,5.7,1.7,1.5,3.6,3.6,32.6,,116,111
3,Ochai Agbaji,SG,23,UTA,25,10,527,5.8,13.0,.444,2.9,7.6,.386,2.8,5.4,.525,0.6,0.7,.750,1.9,3.9,5.8,2.6,1.6,1.2,1.7,3.5,15.1,,114,121
4,Santi Aldama,PF,23,MEM,17,5,439,9.0,20.5,.441,3.1,9.6,.322,6.0,10.9,.545,2.0,3.2,.621,2.9,8.4,11.2,4.2,1.4,1.5,2.1,3.4,23.1,,108,112
5,Nickeil Alexander-Walker,SG,25,MIN,23,11,545,5.5,13.1,.422,3.1,8.7,.361,2.4,4.5,.540,0.8,1.3,.600,1.0,3.2,4.2,5.3,1.7,1.5,2.4,4.1,15.0,,108,109
6,Grayson Allen,SG,28,PHO,19,19,629,6.1,12.7,.481,3.5,7.4,.468,2.7,5.3,.500,2.7,3.0,.895,1.1,5.7,6.8,4.3,1.0,0.6,2.2,3.5,18.4,,124,118
7,Jarrett Allen,C,25,CLE,20,20,576,8.7,13.0,.667,0.0,0.0,,8.7,13.0,.667,3.6,5.3,.694,4.8,9.0,13.8,4.0,1.2,1.6,3.1,4.9,21.0,,128,111
8,Jose Alvarado,PG,25,NOP,11,0,184,7.0,17.2,.409,3.9,9.4,.417,3.1,7.8,.400,1.0,2.6,.400,1.3,4.7,6.0,6.3,3.7,1.0,3.1,4.2,19.0,,102,111
9,Kyle Anderson,PF,30,MIN,23,0,540,5.7,12.3,.463,0.2,1.7,.105,5.5,10.5,.521,3.2,4.7,.692,1.5,6.1,7.7,7.9,1.8,1.8,3.1,3.0,14.8,,108,106
10,Giannis Antetokounmpo,PF,29,MIL,23,23,804,16.2,26.0,.623,0.5,2.3,.225,15.7,23.7,.663,10.3,15.3,.677,3.6,11.0,14.6,6.8,2.1,1.7,5.3,4.0,43.3,,124,112
11,Thanasis Antetokounmpo,PF,31,MIL,9,0,48,3.9,8.9,.444,0.0,0.0,,3.9,8.9,.444,0.0,0.0,,3.0,2.0,4.9,3.9,2.0,1.0,4.9,6.9,7.9,,81,119
12,Cole Anthony,PG,23,ORL,23,0,589,9.4,20.7,.453,2.6,7.0,.372,6.8,13.7,.494,6.9,8.2,.842,2.0,6.4,8.5,6.8,1.3,1.0,3.6,5.7,28.2,,116,110
13,OG Anunoby,SF,26,TOR,20,20,658,8.9,18.3,.484,3.8,9.8,.394,5.0,8.6,.586,1.9,2.8,.684,1.6,4.9,6.4,3.6,1.6,1.0,2.5,3.7,23.5,,114,116
14,Ryan Arcidiacono,PG,29,NYK,6,0,13,0.0,3.8,.000,0.0,3.8,.000,0.0,0.0,,0.0,0.0,,0.0,11.5,11.5,3.8,3.8,0.0,0.0,0.0,0.0,,62,107
15,Deni Avdija,SF,23,WAS,23,23,619,8.1,15.7,.519,1.7,4.9,.348,6.4,10.8,.597,2.8,3.3,.841,2.0,7.4,9.4,6.9,1.4,0.6,2.5,3.7,20.8,,119,122
16,Deandre Ayton,C,25,POR,19,19,596,9.4,16.2,.579,0.0,0.0,,9.4,16.2,.579,1.6,1.9,.826,5.0,11.7,16.7,2.3,1.9,1.2,3.2,4.0,20.4,,112,111
17,Udoka Azubuike,C,24,PHO,2,0,9,5.5,5.5,1.000,0.0,0.0,,5.5,5.5,1.000,0.0,0.0,,0.0,22.0,22.0,0.0,0.0,0.0,0.0,5.5,11.0,,200,110
18,Marvin Bagley III,C,24,DET,20,7,366,10.1,17.5,.575,0.1,0.7,.200,9.9,16.9,.589,5.4,6.3,.854,4.8,7.7,12.6,3.0,0.3,1.6,3.4,3.9,25.6,,119,120
19,Amari Bailey,PG,19,CHO,1,0,3,16.1,48.4,.333,0.0,0.0,,16.1,48.4,.333,0.0,0.0,,32.3,0.0,32.3,0.0,0.0,0.0,0.0,0.0,32.3,,104,130
20,Patrick Baldwin Jr.,SF,21,WAS,6,0,36,5.1,14.1,.364,3.9,6.4,.600,1.3,7.7,.167,5.1,5.1,1.000,2.6,9.0,11.6,3.9,0.0,1.3,0.0,5.1,19.3,,135,123
Rk,Player,Pos,Age,Tm,G,GS,MP,FG,FGA,FG%,3P,3PA,3P%,2P,2PA,2P%,FT,FTA,FT%,ORB,DRB,TRB,AST,STL,BLK,TOV,PF,PTS,,ORtg,DRtg
21,LaMelo Ball,PG,22,CHO,15,15,501,12.8,28.8,.443,5.0,13.0,.388,7.7,15.8,.488,5.2,6.1,.857,2.2,5.7,7.9,11.9,2.0,0.4,5.7,5.0,35.8,,112,121
22,Mo Bamba,C,25,PHI,12,0,74,10.4,20.9,.500,2.0,5.2,.375,8.5,15.6,.542,5.2,6.5,.800,10.4,9.1,19.6,2.0,0.7,5.9,4.6,5.9,28.0,,118,109
23,Paolo Banchero,PF,21,ORL,23,23,772,10.9,22.2,.490,1.7,4.5,.389,9.1,17.7,.516,6.1,8.9,.685,2.0,7.8,9.8,6.5,1.5,0.8,4.5,3.2,29.6,,109,109
24,Desmond Bane,SG,25,MEM,22,22,757,12.8,27.2,.469,4.7,12.2,.382,8.1,15.0,.540,4.6,5.3,.867,1.3,4.8,6.1,7.4,1.8,1.0,4.1,4.5,34.8,,113,114
25,Dalano Banton,PG,24,BOS,11,1,91,7.0,14.5,.481,0.5,3.8,.143,6.5,10.8,.600,2.7,3.2,.833,5.4,8.1,13.5,2.7,1.1,1.1,2.7,6.5,17.2,,113,111
26,Dominick Barlow,PF,20,SAS,7,0,35,4.0,9.4,.429,0.0,0.0,,4.0,9.4,.429,2.7,5.4,.500,0.0,6.7,6.7,0.0,1.3,0.0,0.0,2.7,10.8,,95,120
27,Harrison Barnes,PF,31,SAC,23,23,699,6.0,12.8,.465,2.7,7.1,.375,3.3,5.7,.578,2.9,3.5,.824,1.4,3.8,5.2,2.3,1.1,0.3,1.3,1.7,17.5,,121,119
28,Scottie Barnes,SG,22,TOR,24,24,838,10.5,21.8,.483,2.9,7.4,.394,7.6,14.4,.528,4.1,5.4,.753,3.8,8.9,12.7,7.8,2.3,1.7,3.4,2.8,28.0,,119,111
29,RJ Barrett,SG,23,NYK,18,18,529,11.1,26.3,.421,3.2,9.0,.354,7.9,17.3,.457,6.8,8.2,.828,1.1,5.6,6.7,4.3,0.8,0.4,2.9,2.4,32.2,,112,117
30,Charles Bassey,C,23,SAS,19,0,205,6.7,9.2,.725,0.0,0.2,.000,6.7,8.9,.744,1.1,1.4,.833,5.3,12.2,17.4,4.8,1.8,3.9,3.4,7.1,14.5,,126,110
31,Emoni Bates,SF,20,CLE,7,0,52,3.8,14.1,.267,2.8,11.3,.250,0.9,2.8,.333,0.9,1.9,.500,0.9,7.5,8.5,1.9,0.9,0.9,0.9,1.9,11.3,,85,114
32,Keita Bates-Diop,SF,28,PHO,21,8,373,5.2,13.0,.398,1.3,5.2,.256,3.8,7.8,.492,3.0,4.2,.719,2.6,6.0,8.6,2.5,1.6,2.0,0.8,2.6,14.7,,114,115
33,Nicolas Batum,PF,35,TOT,17,11,409,4.3,7.4,.571,2.8,5.8,.490,1.4,1.7,.857,0.8,1.3,.636,1.8,5.4,7.2,3.9,1.2,1.5,0.8,3.9,12.2,,152,115
33,Nicolas Batum,PF,35,LAC,3,0,54,2.7,7.3,.375,1.8,6.3,.286,0.9,0.9,1.000,0.0,0.0,,0.0,6.3,6.3,4.5,2.7,3.6,0.9,4.5,7.3,,112,107
33,Nicolas Batum,PF,35,PHI,14,11,355,4.5,7.5,.600,3.0,5.7,.524,1.5,1.8,.846,1.0,1.5,.636,2.0,5.3,7.3,3.8,1.0,1.2,0.8,3.8,12.9,,157,116
34,Bradley Beal,SG,30,PHO,5,5,147,9.7,22.5,.433,2.7,6.7,.400,7.1,15.8,.447,5.4,7.7,.696,1.0,5.7,6.7,6.1,1.3,0.7,4.7,4.4,27.6,,101,117
35,Malik Beasley,SG,27,MIL,24,24,727,6.8,14.0,.484,4.6,10.1,.458,2.1,3.9,.550,0.5,0.8,.667,1.1,5.8,6.9,2.3,1.5,0.3,1.0,3.2,18.6,,127,118
36,MarJon Beauchamp,SF,23,MIL,20,0,323,5.8,12.1,.482,2.3,5.4,.432,3.5,6.7,.522,1.3,2.3,.563,1.9,5.3,7.2,2.5,0.7,0.6,2.0,5.0,15.3,,112,120
37,Jules Bernard,SG,24,WAS,2,0,10,4.6,23.1,.200,0.0,13.9,.000,4.6,9.3,.500,0.0,0.0,,4.6,0.0,4.6,4.6,0.0,0.0,4.6,4.6,9.3,,55,131
38,Dāvis Bertāns,PF,31,OKC,9,0,71,4.7,12.8,.368,4.7,12.1,.389,0.0,0.7,.000,9.4,10.1,.933,0.7,4.7,5.4,4.7,1.3,1.3,0.7,6.7,23.5,,147,114
39,Patrick Beverley,PG,35,PHI,23,1,408,4.8,11.1,.436,1.9,5.9,.320,3.0,5.2,.568,1.5,2.4,.650,2.4,5.8,8.2,6.6,1.3,0.7,1.9,5.1,13.1,,120,115
40,Saddiq Bey,SF,24,ATL,23,11,707,7.3,15.1,.487,2.7,7.3,.376,4.6,7.8,.590,2.6,3.3,.796,3.3,6.0,9.3,1.9,1.7,0.3,1.7,2.4,20.0,,124,122
Rk,Player,Pos,Age,Tm,G,GS,MP,FG,FGA,FG%,3P,3PA,3P%,2P,2PA,2P%,FT,FTA,FT%,ORB,DRB,TRB,AST,STL,BLK,TOV,PF,PTS,,ORtg,DRtg
41,Goga Bitadze,C,24,ORL,21,18,441,6.5,11.1,.588,0.1,0.5,.200,6.4,10.5,.608,3.6,5.0,.717,4.9,8.8,13.7,4.2,1.5,3.8,1.5,5.5,16.7,,134,105
42,Onuralp Bitim,SG,24,CHI,1,0,3,0.0,0.0,,0.0,0.0,,0.0,0.0,,0.0,0.0,,0.0,0.0,0.0,0.0,0.0,0.0,0.0,0.0,0.0,,,126
43,Bismack Biyombo,C,31,MEM,18,16,437,4.6,8.1,.575,0.0,0.0,,4.6,8.1,.575,2.1,4.0,.528,4.6,8.6,13.3,4.0,0.7,2.3,2.5,5.9,11.4,,115,113
44,Anthony Black,PG,20,ORL,21,17,403,4.6,9.4,.494,0.8,3.1,.269,3.8,6.3,.604,1.9,3.0,.640,1.3,4.3,5.6,3.6,1.0,1.0,2.5,5.2,12.0,,105,112
45,Leaky Black,SF,24,CHO,4,0,17,5.7,14.2,.400,2.8,5.7,.500,2.8,8.5,.333,0.0,0.0,,0.0,5.7,5.7,2.8,2.8,5.7,0.0,2.8,14.2,,112,113
46,Bogdan Bogdanović,SG,31,ATL,23,2,638,10.6,22.8,.466,5.8,14.3,.409,4.8,8.6,.560,2.4,2.6,.914,0.7,5.0,5.8,4.1,2.6,0.5,2.1,4.5,29.5,,123,120
47,Bojan Bogdanović,PF,34,DET,5,4,156,10.7,22.4,.479,4.9,12.0,.410,5.8,10.4,.559,5.2,7.4,.708,0.3,3.1,3.4,4.3,2.8,0.0,2.5,1.5,31.6,,118,119
48,Bol Bol,PF,24,PHO,5,0,12,4.1,8.2,.500,0.0,4.1,.000,4.1,4.1,1.000,0.0,0.0,,0.0,12.4,12.4,0.0,0.0,4.1,8.2,4.1,8.2,,44,112
49,Marques Bolden,C,25,MIL,1,0,3,0.0,0.0,,0.0,0.0,,0.0,0.0,,0.0,0.0,,0.0,31.5,31.5,0.0,0.0,0.0,0.0,15.7,0.0,,,105
50,Devin Booker,SG,27,PHO,15,15,527,12.8,26.3,.489,2.9,6.8,.425,9.9,19.4,.512,11.0,11.9,.921,1.4,7.2,8.6,11.6,1.0,0.7,4.3,4.8,39.6,,127,117
51,Chris Boucher,PF,31,TOR,22,0,312,7.3,16.7,.439,2.2,6.6,.333,5.1,10.1,.508,5.1,6.2,.825,4.2,8.4,12.6,1.2,1.1,1.9,1.6,5.8,22.0,,119,114
52,James Bouknight,SG,23,CHO,1,0,5,19.4,29.1,.667,9.7,19.4,.500,9.7,9.7,1.000,0.0,0.0,,9.7,0.0,9.7,0.0,0.0,0.0,0.0,0.0,48.4,,161,130
53,Jamaree Bouyea,PG,24,POR,6,0,57,4.3,18.1,.238,0.0,6.9,.000,4.3,11.2,.385,0.0,0.0,,1.7,6.9,8.6,6.9,0.0,0.0,6.9,2.6,8.6,,55,120
54,Malaki Branham,SG,20,SAS,23,11,489,7.9,18.2,.434,2.1,7.2,.293,5.8,11.0,.526,1.2,1.3,.923,0.6,3.0,3.6,4.8,1.0,0.3,2.7,2.9,19.0,,97,122
55,Christian Braun,SG,22,DEN,26,0,525,8.3,17.2,.481,1.6,4.1,.386,6.7,13.0,.511,3.1,4.1,.750,2.1,7.5,9.6,4.5,0.9,0.8,1.9,4.0,21.2,,115,115
56,Mikal Bridges,SF,27,BRK,24,24,830,11.4,23.6,.484,3.1,8.2,.381,8.3,15.4,.538,5.8,6.7,.860,1.5,6.5,7.9,5.4,1.4,0.7,3.5,2.4,31.7,,117,117
57,Miles Bridges,SF,25,CHO,12,10,437,10.0,20.1,.497,2.7,7.1,.375,7.3,13.0,.564,3.9,4.5,.854,1.2,7.8,9.0,3.5,1.9,0.3,2.3,2.8,26.5,,116,120
58,Oshae Brissett,SF,25,BOS,9,0,90,1.6,9.3,.176,0.5,4.9,.111,1.1,4.4,.250,3.8,6.5,.583,4.4,7.1,11.4,1.6,2.2,0.0,1.1,4.9,7.6,,90,110
59,Malcolm Brogdon,PG,31,POR,16,10,436,10.6,25.6,.414,3.7,9.6,.388,6.9,16.0,.430,4.8,6.3,.768,1.7,5.1,6.8,10.4,1.5,0.3,3.0,2.1,29.8,,114,117
60,Armoni Brooks,PG,25,BRK,7,0,64,6.9,20.6,.333,5.3,14.5,.368,1.5,6.1,.250,0.0,0.0,,3.1,6.1,9.2,2.3,0.0,0.8,0.8,0.8,19.1,,106,120
Rk,Player,Pos,Age,Tm,G,GS,MP,FG,FGA,FG%,3P,3PA,3P%,2P,2PA,2P%,FT,FTA,FT%,ORB,DRB,TRB,AST,STL,BLK,TOV,PF,PTS,,ORtg,DRtg
61,Dillon Brooks,SF,28,HOU,21,21,652,7.6,16.5,.463,2.8,7.1,.394,4.8,9.4,.516,2.9,3.4,.844,1.2,4.3,5.5,2.7,1.4,0.1,3.2,6.4,20.9,,105,110
62,Bruce Brown,SG,27,IND,22,22,701,6.5,14.0,.463,1.7,5.2,.325,4.8,8.8,.545,3.1,3.9,.797,1.0,5.8,6.8,4.2,1.8,0.3,1.6,3.4,17.8,,116,121
63,Charlie Brown Jr.,SG,26,NYK,1,0,2,0.0,24.9,.000,0.0,24.9,.000,0.0,0.0,,0.0,0.0,,0.0,0.0,0.0,0.0,0.0,0.0,49.8,0.0,0.0,,0,123
64,Greg Brown III,PF,22,DAL,1,0,2,0.0,0.0,,0.0,0.0,,0.0,0.0,,0.0,0.0,,0.0,0.0,0.0,23.9,0.0,0.0,0.0,0.0,0.0,,237,125
65,Jaylen Brown,SF,27,BOS,22,22,750,12.4,26.5,.469,3.3,9.7,.338,9.1,16.8,.545,3.7,5.1,.718,1.0,5.9,6.9,4.8,1.8,1.0,3.5,4.2,31.8,,108,111
66,Kobe Brown,PF,24,LAC,15,0,152,4.2,11.3,.371,1.9,7.1,.273,2.3,4.2,.538,0.3,0.6,.500,1.9,7.1,9.0,2.3,0.6,1.0,0.6,9.3,10.6,,106,114
67,Moses Brown,C,24,POR,5,0,35,8.4,16.9,.500,0.0,0.0,,8.4,16.9,.500,0.0,2.8,.000,11.2,14.0,25.3,1.4,1.4,1.4,1.4,2.8,16.9,,112,110
68,Troy Brown Jr.,SF,24,MIN,19,3,304,5.8,13.1,.439,3.2,9.0,.357,2.6,4.2,.615,2.7,3.2,.850,1.9,6.7,8.6,3.0,1.0,0.3,1.4,2.6,17.4,,122,109
69,Jalen Brunson,PG,27,NYK,23,23,820,12.1,26.2,.463,4.0,9.3,.429,8.1,16.9,.482,6.0,7.6,.786,0.9,4.2,5.1,8.0,1.5,0.1,3.1,3.3,34.3,,121,117
70,Thomas Bryant,C,26,MIA,16,3,199,8.4,15.6,.540,0.0,0.7,.000,8.4,14.8,.567,3.7,4.4,.833,4.7,10.6,15.3,2.5,1.5,1.0,3.2,4.9,20.5,,112,112
71,Kobe Bufkin,SG,20,ATL,2,0,4,0.0,35.4,.000,0.0,11.8,.000,0.0,23.6,.000,11.8,23.6,.500,11.8,11.8,23.6,0.0,0.0,0.0,0.0,0.0,11.8,,52,122
72,Reggie Bullock,SF,32,HOU,10,0,89,3.9,10.5,.368,3.3,9.4,.353,0.6,1.1,.500,0.6,0.6,1.000,1.1,6.1,7.2,1.7,0.6,0.6,1.1,3.9,11.6,,107,111
73,Alec Burks,SG,32,DET,17,0,314,7.3,20.7,.353,4.9,13.0,.376,2.4,7.8,.314,7.0,7.9,.885,1.4,4.6,5.9,4.1,1.1,0.6,1.2,3.7,26.5,,119,121
74,Jared Butler,SG,23,WAS,11,0,95,7.3,16.1,.455,2.4,7.8,.313,4.9,8.3,.588,4.9,5.8,.833,0.0,3.9,3.9,10.2,3.4,0.5,4.4,6.8,21.9,,110,120
75,Jimmy Butler,PF,34,MIA,21,21,713,9.7,20.9,.462,1.3,3.3,.396,8.3,17.6,.475,10.6,11.9,.884,2.9,4.8,7.7,6.8,1.6,0.6,2.6,1.4,31.2,,125,116
76,Jamal Cain,PF,24,MIA,8,0,113,5.7,12.6,.448,1.7,6.5,.267,3.9,6.1,.643,3.0,4.8,.636,2.2,3.0,5.2,0.4,2.6,0.9,0.9,2.6,16.1,,112,114
77,Kentavious Caldwell-Pope,SG,30,DEN,25,25,822,5.5,12.1,.450,2.2,5.3,.404,3.3,6.8,.487,2.8,3.1,.902,0.6,2.3,2.9,3.8,2.2,0.7,1.8,3.1,15.8,,116,116
78,Toumani Camara,PF,23,POR,23,14,594,5.1,12.8,.400,1.7,5.9,.282,3.5,7.0,.500,1.7,2.6,.677,4.0,5.0,9.0,2.2,1.7,1.1,2.1,5.5,13.7,,104,116
79,Clint Capela,C,29,ATL,23,23,586,8.8,15.6,.567,0.0,0.0,,8.8,15.6,.567,3.0,4.7,.638,8.9,10.2,19.1,2.1,1.2,3.1,1.5,4.9,20.7,,132,117
80,Jevon Carter,PG,28,CHI,26,0,367,7.1,18.6,.382,4.1,11.6,.353,3.0,7.0,.431,0.0,0.1,.000,0.5,1.9,2.5,4.4,1.9,1.0,2.2,4.2,18.3,,99,119
Rk,Player,Pos,Age,Tm,G,GS,MP,FG,FGA,FG%,3P,3PA,3P%,2P,2PA,2P%,FT,FTA,FT%,ORB,DRB,TRB,AST,STL,BLK,TOV,PF,PTS,,ORtg,DRtg
81,Wendell Carter Jr.,C,24,ORL,5,5,147,5.5,14.7,.378,1.6,5.2,.313,3.9,9.5,.414,2.6,4.6,.571,3.6,10.4,14.0,2.6,1.0,0.7,2.6,4.6,15.3,,97,109
82,Alex Caruso,SG,29,CHI,21,10,475,7.3,13.6,.535,3.6,7.6,.472,3.7,6.0,.614,2.5,3.3,.774,2.6,4.5,7.2,5.0,2.7,1.7,2.9,4.8,20.7,,127,115
83,Colin Castleton,C,23,LAL,3,0,23,4.2,10.4,.400,0.0,0.0,,4.2,10.4,.400,4.2,4.2,1.000,6.2,6.2,12.5,4.2,0.0,0.0,0.0,10.4,12.5,,138,117
84,Malcolm Cazalon,SG,22,DET,1,0,3,0.0,0.0,,0.0,0.0,,0.0,0.0,,0.0,0.0,,0.0,0.0,0.0,0.0,0.0,0.0,0.0,0.0,0.0,,,127
85,Julian Champagnie,SF,22,SAS,16,5,219,5.8,16.5,.351,4.3,12.0,.357,1.5,4.5,.333,1.7,2.4,.727,1.1,4.7,5.8,3.0,1.5,2.1,2.8,3.2,17.6,,93,118
86,Max Christie,SG,20,LAL,20,5,337,5.0,12.3,.402,1.8,6.0,.310,3.1,6.4,.489,1.4,2.0,.714,0.4,7.2,7.7,3.0,1.1,0.6,2.0,4.1,13.2,,96,113
87,Sidy Cissoko,SF,19,SAS,1,0,4,0.0,0.0,,0.0,0.0,,0.0,0.0,,0.0,0.0,,0.0,0.0,0.0,0.0,0.0,0.0,11.8,0.0,0.0,,0,127
88,Jordan Clarkson,SG,31,UTA,19,19,586,9.5,23.8,.399,2.6,8.7,.295,6.9,15.1,.459,4.5,5.5,.833,2.0,3.3,5.3,7.8,1.3,0.2,4.7,2.2,26.1,,103,123
89,Nic Claxton,C,24,BRK,15,15,402,9.5,14.8,.639,0.1,0.1,1.000,9.4,14.7,.636,2.3,3.9,.594,5.6,11.2,16.8,2.7,0.9,4.0,1.3,4.9,21.4,,136,111
90,Noah Clowney,PF,19,BRK,1,0,3,0.0,0.0,,0.0,0.0,,0.0,0.0,,0.0,0.0,,0.0,16.3,16.3,0.0,0.0,0.0,0.0,0.0,0.0,,,115
91,Amir Coffey,SF,26,LAC,12,1,96,5.6,14.3,.393,2.0,7.1,.286,3.6,7.1,.500,3.1,3.6,.857,2.0,4.1,6.1,2.0,0.5,0.0,1.5,3.6,16.3,,108,117
92,John Collins,PF,26,UTA,22,22,683,8.6,17.8,.482,2.2,5.7,.383,6.4,12.1,.529,3.2,4.3,.750,4.2,9.2,13.4,1.4,1.0,1.5,2.2,4.4,22.5,,116,118
93,Zach Collins,C,26,SAS,23,20,637,8.3,17.4,.475,1.8,6.5,.284,6.4,10.9,.588,3.7,4.6,.806,3.3,6.9,10.2,6.1,1.1,1.0,4.4,5.7,22.1,,106,119
94,Mike Conley,PG,36,MIN,23,23,682,6.3,14.1,.452,3.7,8.6,.430,2.6,5.4,.487,2.5,2.6,.946,0.7,4.3,5.0,9.9,1.6,0.1,1.7,3.0,18.9,,133,110
95,Pat Connaughton,SF,31,MIL,18,0,416,4.3,10.2,.422,2.3,6.7,.339,2.0,3.5,.581,0.9,1.4,.667,1.4,5.8,7.2,4.1,1.0,0.3,1.6,2.2,11.8,,114,119
96,Bilal Coulibaly,SF,19,WAS,22,1,590,6.0,11.3,.528,2.2,5.2,.424,3.8,6.1,.615,1.7,2.9,.595,1.3,6.0,7.2,3.1,1.9,1.2,2.7,3.1,15.8,,108,121
97,Robert Covington,SF-PF,33,TOT,22,6,391,4.7,10.4,.452,2.4,6.3,.373,2.4,4.1,.576,2.6,3.0,.875,3.3,6.6,9.9,2.5,3.7,1.9,1.0,5.2,14.4,,134,108
97,Robert Covington,PF,33,LAC,3,3,69,2.1,6.4,.333,1.4,5.7,.250,0.7,0.7,1.000,0.7,1.4,.500,1.4,4.3,5.7,5.0,4.3,1.4,0.0,5.0,6.4,,130,107
97,Robert Covington,SF,33,PHI,19,3,322,5.2,11.2,.467,2.5,6.4,.395,2.7,4.8,.563,3.0,3.3,.909,3.7,7.0,10.8,1.9,3.6,1.9,1.2,5.2,16.0,,134,108
98,Torrey Craig,SF,33,CHI,26,7,559,4.8,11.9,.409,2.2,6.4,.352,2.6,5.5,.475,1.4,1.8,.800,4.3,7.2,11.5,2.5,1.5,0.9,1.4,6.1,13.4,,116,117
99,Jae Crowder,PF,33,MIL,9,2,240,4.9,9.2,.532,3.1,6.1,.516,1.8,3.1,.563,1.4,2.4,.583,0.8,6.1,6.9,3.0,1.4,0.6,0.8,2.8,14.4,,138,118
100,Cade Cunningham,PG,22,DET,24,24,835,11.2,26.6,.420,2.7,8.3,.324,8.5,18.3,.464,5.2,5.9,.883,0.7,4.8,5.5,10.0,1.3,0.3,5.7,3.7,30.3,,102,121
Rk,Player,Pos,Age,Tm,G,GS,MP,FG,FGA,FG%,3P,3PA,3P%,2P,2PA,2P%,FT,FTA,FT%,ORB,DRB,TRB,AST,STL,BLK,TOV,PF,PTS,,ORtg,DRtg
101,Seth Curry,SG,33,DAL,19,3,231,6.4,15.9,.403,3.5,9.1,.386,2.9,6.8,.424,1.7,1.9,.889,2.1,3.9,6.0,3.7,2.3,0.6,1.0,2.9,18.0,,117,116
102,Stephen Curry,PG,35,GSW,22,22,742,12.5,27.1,.460,7.1,17.2,.413,5.4,9.9,.542,8.8,9.4,.938,0.9,6.2,7.1,6.2,1.1,0.3,4.7,2.5,40.9,,122,117
103,Dyson Daniels,PG,20,NOP,25,13,621,5.0,12.8,.394,1.3,5.5,.239,3.7,7.3,.511,1.5,2.3,.667,2.2,6.7,8.9,5.9,2.9,0.8,2.2,3.7,12.9,,103,112
104,Anthony Davis,C,30,LAL,24,24,846,12.1,22.3,.544,0.3,1.0,.333,11.8,21.3,.554,7.8,9.5,.817,4.9,12.1,16.9,4.1,1.5,3.5,2.7,3.6,32.4,,123,106
105,Johnny Davis,SG,21,WAS,14,0,128,6.9,14.5,.475,0.4,1.1,.333,6.5,13.4,.486,1.4,1.8,.800,2.9,4.0,6.9,1.8,2.5,0.4,1.8,3.6,15.5,,102,122
106,Dexter Dennis,SG,24,DAL,2,0,7,13.7,41.0,.333,0.0,20.5,.000,13.7,20.5,.667,0.0,6.8,.000,6.8,6.8,13.7,0.0,0.0,0.0,0.0,0.0,27.3,,74,121
107,DeMar DeRozan,SF,34,CHI,24,24,868,10.6,24.2,.437,1.4,3.8,.364,9.2,20.4,.450,8.4,10.2,.819,1.2,3.8,5.0,7.3,1.3,1.0,1.9,3.2,30.9,,118,119
108,Moussa Diabaté,C,22,LAC,9,0,55,8.0,16.0,.500,0.0,0.0,,8.0,16.0,.500,8.0,10.7,.750,12.5,4.5,16.9,3.6,3.6,0.0,1.8,3.6,24.0,,137,110
109,Gradey Dick,SG,20,TOR,16,1,225,3.9,13.8,.281,2.2,8.9,.244,1.7,5.0,.348,3.0,3.0,1.000,1.5,3.2,4.8,3.2,0.9,0.0,2.6,5.2,13.0,,91,120
110,Ousmane Dieng,PF,20,OKC,14,0,159,6.3,14.4,.438,3.6,10.2,.353,2.7,4.2,.643,1.8,2.4,.750,1.8,5.7,7.5,4.2,0.3,0.0,1.8,2.7,18.0,,117,117
111,Spencer Dinwiddie,PG,30,BRK,23,23,720,7.5,18.5,.403,3.3,10.0,.333,4.1,8.6,.484,4.9,6.2,.791,0.8,5.4,6.2,10.1,1.3,0.2,2.8,2.8,23.1,,119,118
112,Donte DiVincenzo,SG,27,NYK,23,5,473,7.5,17.6,.425,5.4,12.5,.429,2.1,5.1,.417,1.9,2.7,.692,1.9,5.5,7.4,4.4,2.3,0.7,2.4,3.7,22.2,,119,113
113,Luka Dončić,PG,24,DAL,23,23,844,14.5,29.8,.486,5.0,13.1,.381,9.5,16.7,.568,8.3,10.4,.793,0.9,9.7,10.6,11.8,1.8,0.7,5.3,2.3,42.2,,121,114
114,Luguentz Dort,SF,24,OKC,22,22,624,5.7,13.1,.439,2.8,7.0,.391,3.0,6.0,.494,3.6,4.4,.825,2.2,4.7,6.9,2.0,1.5,1.4,1.7,5.0,17.8,,118,114
115,Ayo Dosunmu,SG,24,CHI,24,3,482,6.8,13.6,.496,2.2,6.0,.362,4.6,7.6,.603,1.8,2.5,.708,1.1,3.7,4.9,4.7,1.7,0.3,2.0,4.3,17.5,,117,119
116,Andre Drummond,C,30,CHI,26,0,343,9.2,18.4,.500,0.0,0.1,.000,9.2,18.3,.504,5.0,8.5,.586,11.4,14.6,26.0,2.2,3.7,1.3,3.8,6.4,23.4,,112,106
117,Chris Duarte,SF,26,SAC,20,5,272,5.1,13.2,.387,2.5,7.9,.311,2.6,5.3,.500,2.5,3.2,.778,0.7,5.6,6.3,3.2,2.1,0.4,1.9,8.4,15.1,,103,115
118,Kris Dunn,PG,29,UTA,17,1,220,6.8,15.0,.456,1.5,4.0,.389,5.3,11.0,.480,1.3,2.2,.600,1.8,6.4,8.1,10.1,2.0,0.2,3.5,5.7,16.5,,111,119
119,Kevin Durant,PF,35,PHO,20,20,735,14.2,27.3,.520,3.0,6.3,.484,11.2,21.0,.530,10.0,11.3,.887,0.4,8.3,8.7,7.5,1.0,1.7,4.8,2.7,41.4,,121,115
120,Jalen Duren,C,20,DET,14,13,404,9.5,15.0,.630,0.0,0.2,.000,9.5,14.8,.640,1.9,3.3,.571,5.6,12.6,18.1,4.1,0.9,2.3,4.5,5.7,20.9,,111,115
Rk,Player,Pos,Age,Tm,G,GS,MP,FG,FGA,FG%,3P,3PA,3P%,2P,2PA,2P%,FT,FTA,FT%,ORB,DRB,TRB,AST,STL,BLK,TOV,PF,PTS,,ORtg,DRtg
121,Tari Eason,PF,22,HOU,14,0,271,8.7,18.6,.471,2.4,5.6,.419,6.4,12.9,.493,2.4,4.0,.591,5.3,13.1,18.4,3.1,1.5,2.7,2.4,4.9,22.2,,112,102
122,Anthony Edwards,SG,22,MIN,20,20,672,11.9,27.1,.437,3.3,8.8,.369,8.6,18.3,.470,7.2,8.5,.846,1.1,6.8,7.9,7.5,1.8,0.7,4.6,2.7,34.2,,109,107
123,Kessler Edwards,SF,23,SAC,18,0,102,4.2,11.3,.375,2.3,7.0,.333,1.9,4.2,.444,0.5,0.9,.500,1.4,5.6,7.0,2.3,0.9,0.9,0.5,4.2,11.3,,108,117
124,Keon Ellis,SG,24,SAC,16,2,202,5.7,11.8,.480,3.8,9.7,.390,1.9,2.1,.889,1.9,3.1,.615,1.4,4.5,5.9,3.8,2.1,1.4,2.4,5.0,17.1,,118,114
125,Joel Embiid,C,29,PHI,20,20,687,15.7,30.1,.523,1.5,4.7,.328,14.2,25.4,.560,14.4,16.3,.884,4.6,11.4,16.1,8.9,1.5,2.5,5.3,3.9,47.4,,128,109
126,Drew Eubanks,C,26,PHO,23,0,395,7.3,12.4,.586,0.3,0.3,1.000,7.0,12.1,.577,3.3,3.9,.839,4.0,8.5,12.5,3.8,0.6,2.9,3.4,5.8,18.0,,118,114
127,Dante Exum,PG,28,DAL,21,5,328,9.0,16.6,.544,2.5,5.8,.425,6.6,10.8,.608,2.9,4.2,.690,1.9,6.9,8.7,7.4,1.5,0.6,1.7,3.9,23.5,,133,116
128,Bruno Fernando,C,25,ATL,5,0,16,8.8,26.5,.333,0.0,2.9,.000,8.8,23.6,.375,2.9,2.9,1.000,8.8,2.9,11.8,0.0,0.0,0.0,11.8,8.8,20.6,,67,127
129,Dorian Finney-Smith,PF,30,BRK,23,17,688,6.5,13.6,.474,4.0,9.0,.441,2.5,4.6,.538,0.3,0.4,.667,3.4,5.1,8.5,2.0,1.1,1.1,1.5,3.6,17.2,,125,118
130,Malachi Flynn,PG,25,TOR,24,0,389,5.8,13.6,.422,2.6,7.9,.333,3.1,5.8,.543,1.8,2.3,.778,1.3,4.8,6.0,7.5,1.9,0.5,3.1,4.1,15.9,,109,116
131,Simone Fontecchio,SF,28,UTA,23,10,454,7.5,16.3,.458,4.6,11.3,.406,2.9,5.0,.574,2.1,2.5,.870,2.0,4.6,6.6,2.9,1.1,1.3,2.5,3.7,21.7,,119,121
132,Jordan Ford,PG,25,SAC,6,0,22,8.7,15.2,.571,4.3,6.5,.667,4.3,8.7,.500,4.3,4.3,1.000,0.0,4.3,4.3,4.3,0.0,0.0,2.2,0.0,26.1,,138,121
133,Trent Forrest,SG,25,ATL,5,0,43,3.3,9.9,.333,0.0,0.0,,3.3,9.9,.333,4.4,4.4,1.000,2.2,0.0,2.2,8.8,0.0,0.0,2.2,4.4,11.0,,116,129
134,Evan Fournier,SG,31,NYK,1,0,16,3.1,18.7,.167,0.0,12.4,.000,3.1,6.2,.500,0.0,0.0,,0.0,3.1,3.1,3.1,3.1,0.0,0.0,6.2,6.2,,52,114
135,De'Aaron Fox,PG,26,SAC,18,18,639,14.2,29.9,.475,4.3,11.2,.387,9.9,18.7,.528,7.8,10.6,.732,1.2,4.7,5.9,8.6,1.9,0.4,3.4,3.7,40.6,,118,116
136,Alex Fudge,SF,20,LAL,4,0,14,3.4,20.5,.167,0.0,6.8,.000,3.4,13.6,.250,6.8,6.8,1.000,6.8,0.0,6.8,0.0,0.0,0.0,3.4,3.4,13.6,,72,121
137,Markelle Fultz,PG,25,ORL,5,5,143,9.1,18.8,.482,0.0,1.0,.000,9.1,17.8,.509,1.0,1.3,.750,2.7,3.0,5.7,6.7,2.0,0.7,2.0,2.0,19.1,,109,111
138,Daniel Gafford,C,25,WAS,20,20,495,7.9,11.4,.697,0.0,0.0,,7.9,11.4,.697,2.9,4.4,.660,4.8,8.7,13.5,3.1,1.2,3.8,2.1,6.4,18.8,,135,118
139,Danilo Gallinari,PF,35,WAS,21,0,329,7.3,16.5,.444,2.4,7.7,.309,4.9,8.7,.565,5.2,6.2,.841,1.4,7.6,9.0,4.1,0.7,0.4,1.5,3.4,22.2,,118,124
140,Darius Garland,PG,24,CLE,20,20,680,10.9,23.1,.470,2.6,7.5,.346,8.3,15.6,.530,5.5,6.5,.835,0.9,3.1,4.0,8.5,2.3,0.3,5.5,2.2,29.8,,107,114
Rk,Player,Pos,Age,Tm,G,GS,MP,FG,FGA,FG%,3P,3PA,3P%,2P,2PA,2P%,FT,FTA,FT%,ORB,DRB,TRB,AST,STL,BLK,TOV,PF,PTS,,ORtg,DRtg
141,Luka Garza,C,25,MIN,5,0,16,12.2,33.4,.364,0.0,6.1,.000,12.2,27.4,.444,15.2,24.3,.625,9.1,9.1,18.2,3.0,0.0,0.0,3.0,12.2,39.5,,102,110
142,Kaiser Gates,SF,27,NOP,1,0,7,0.0,27.4,.000,0.0,13.7,.000,0.0,13.7,.000,0.0,0.0,,0.0,6.9,6.9,0.0,0.0,0.0,0.0,0.0,0.0,,0,119
143,Keyonte George,PG,20,UTA,24,16,618,6.5,18.0,.361,3.1,9.6,.320,3.4,8.5,.407,4.5,5.7,.781,0.9,4.7,5.6,9.4,0.9,0.2,4.3,2.0,20.5,,105,123
144,Paul George,PF,33,LAC,23,23,808,10.8,24.4,.445,4.4,11.3,.385,6.5,13.0,.498,5.5,5.9,.928,1.0,7.3,8.2,5.6,2.4,0.4,3.2,3.9,31.5,,115,110
145,Josh Giddey,SG,21,OKC,23,23,602,9.3,21.8,.425,1.6,4.7,.339,7.7,17.1,.449,1.7,2.1,.778,3.0,8.1,11.1,8.0,1.7,0.9,4.7,2.7,21.8,,98,111
146,Harry Giles,C,25,BRK,5,0,36,19.0,31.2,.609,1.4,6.8,.200,17.6,24.4,.722,6.8,9.5,.714,6.8,6.8,13.6,1.4,1.4,1.4,1.4,5.4,46.2,,132,116
147,Shai Gilgeous-Alexander,PG,25,OKC,22,22,767,15.5,28.3,.546,1.5,4.5,.333,14.0,23.9,.586,9.9,10.9,.914,1.3,6.2,7.5,8.7,3.7,1.1,2.8,3.4,42.4,,130,108
148,Anthony Gill,PF,31,WAS,14,0,93,6.5,13.9,.464,0.0,2.5,.000,6.5,11.4,.565,5.5,7.0,.786,4.0,7.0,10.9,3.5,1.5,2.0,4.5,5.0,18.4,,101,121
149,Collin Gillespie,PG,24,DEN,10,0,81,4.9,11.6,.421,1.8,7.3,.250,3.0,4.3,.714,0.6,0.6,1.000,0.0,1.8,1.8,4.9,3.0,0.0,2.4,5.5,12.2,,99,114
150,Jacob Gilyard,PG,25,MEM,17,7,249,3.9,8.9,.435,3.3,8.0,.415,0.6,1.0,.600,0.2,0.2,1.000,1.2,2.3,3.5,9.3,1.7,0.2,1.6,3.1,11.3,,134,117
151,Rudy Gobert,C,31,MIN,23,23,743,7.5,12.1,.616,0.0,0.0,,7.5,12.1,.616,4.7,7.6,.621,5.7,12.7,18.4,1.8,1.0,3.7,2.4,4.5,19.6,,125,101
152,Jordan Goodwin,PG,25,PHO,24,0,432,6.6,16.7,.397,2.5,7.7,.328,4.1,9.0,.456,2.3,2.6,.870,3.0,7.4,10.4,6.3,2.1,0.8,2.4,3.5,18.1,,111,114
153,Aaron Gordon,PF,28,DEN,22,22,713,8.3,16.6,.500,0.7,3.0,.227,7.6,13.5,.561,2.3,4.4,.524,4.2,6.5,10.7,5.4,1.5,1.1,2.4,2.6,19.5,,113,114
154,Eric Gordon,SG,35,PHO,21,16,673,8.4,18.1,.463,4.2,10.5,.399,4.2,7.6,.553,1.0,1.2,.824,0.5,2.6,3.1,4.4,1.6,0.9,2.4,2.3,22.0,,112,118
155,Devonte' Graham,PG,28,SAS,3,0,36,2.6,9.1,.286,0.0,5.2,.000,2.6,3.9,.667,5.2,6.5,.800,1.3,1.3,2.6,14.4,2.6,1.3,2.6,2.6,10.5,,114,118
156,Jerami Grant,PF,29,POR,19,19,664,10.3,23.5,.437,3.6,8.8,.412,6.7,14.7,.452,6.9,8.3,.830,1.0,4.4,5.4,3.1,1.2,1.3,3.5,3.1,31.1,,110,117
157,A.J. Green,SG,24,MIL,16,0,124,6.9,15.6,.439,5.7,13.3,.429,1.1,2.3,.500,0.4,0.4,1.000,0.8,4.6,5.3,4.6,0.0,0.0,0.0,3.8,19.8,,138,123
158,Danny Green,SG,36,PHI,2,0,18,0.0,5.4,.000,0.0,2.7,.000,0.0,2.7,.000,0.0,0.0,,0.0,5.4,5.4,2.7,2.7,0.0,0.0,2.7,0.0,,35,114
159,Draymond Green,PF,33,GSW,15,15,377,6.5,13.3,.490,2.3,5.4,.429,4.2,7.9,.532,3.2,3.8,.833,2.8,7.8,10.6,11.1,0.8,1.4,4.6,5.8,18.5,,120,115
160,Jalen Green,SG,21,HOU,21,21,651,9.5,23.3,.409,3.1,9.6,.323,6.4,13.7,.470,6.4,8.0,.802,0.5,6.7,7.2,4.8,0.8,0.5,3.8,2.5,28.6,,102,110
Rk,Player,Pos,Age,Tm,G,GS,MP,FG,FGA,FG%,3P,3PA,3P%,2P,2PA,2P%,FT,FTA,FT%,ORB,DRB,TRB,AST,STL,BLK,TOV,PF,PTS,,ORtg,DRtg
161,Jeff Green,PF,37,HOU,20,0,305,6.3,11.5,.549,1.3,3.9,.333,5.0,7.6,.660,6.6,8.1,.820,2.7,4.8,7.6,1.9,0.6,1.3,1.9,4.4,20.5,,131,110
162,Josh Green,SG,23,DAL,18,5,454,4.8,11.5,.422,2.4,6.6,.365,2.4,4.8,.500,0.9,1.8,.529,1.1,4.4,5.5,4.5,1.8,0.3,1.8,3.3,13.1,,110,118
163,AJ Griffin,SF,20,ATL,12,0,110,4.3,14.6,.294,3.4,10.7,.320,0.9,3.9,.222,0.9,0.9,1.000,0.9,4.3,5.1,1.7,0.4,0.0,1.7,2.6,12.9,,91,126
164,Quentin Grimes,SG,23,NYK,21,18,474,5.3,13.4,.391,3.9,10.6,.366,1.4,2.8,.481,0.2,0.5,.400,0.4,2.6,3.0,2.6,1.5,0.0,1.3,3.7,14.6,,111,118
165,Mouhamed Gueye,PF,21,ATL,2,0,4,0.0,11.8,.000,0.0,11.8,.000,0.0,0.0,,0.0,0.0,,0.0,0.0,0.0,0.0,11.8,0.0,0.0,11.8,0.0,,0,102
166,Rui Hachimura,PF,25,LAL,16,2,375,8.8,17.8,.493,2.4,5.9,.413,6.4,12.0,.532,2.9,3.8,.767,1.5,6.0,7.5,2.3,1.5,0.5,2.0,3.4,22.9,,111,113
167,Tyrese Haliburton,PG,23,IND,20,20,683,12.2,23.6,.520,5.0,11.5,.439,7.2,12.0,.598,5.5,6.3,.872,0.9,4.8,5.7,16.1,1.3,0.9,3.4,1.5,35.1,,138,122
168,R.J. Hampton,PG,22,MIA,2,0,11,4.5,8.9,.500,4.5,4.5,1.000,0.0,4.5,.000,0.0,0.0,,0.0,8.9,8.9,0.0,0.0,0.0,4.5,4.5,13.4,,83,118
169,Tim Hardaway Jr.,SF,31,DAL,21,0,595,9.9,23.6,.420,5.7,15.2,.376,4.2,8.4,.500,3.8,4.3,.870,0.6,5.1,5.8,2.6,0.4,0.0,1.4,1.9,29.3,,115,121
170,James Harden,SG,34,LAC,19,19,646,7.0,15.0,.465,3.5,8.3,.418,3.5,6.7,.523,6.4,7.4,.876,0.5,6.3,6.8,10.5,2.2,1.1,3.4,3.0,23.9,,129,111
171,Jaden Hardy,SG,21,DAL,20,0,255,9.0,23.3,.387,3.6,10.7,.333,5.4,12.6,.433,3.4,5.1,.667,1.5,4.7,6.2,5.4,1.1,0.0,3.0,3.9,24.9,,101,119
172,Ron Harper Jr.,PF,23,TOR,1,0,4,0.0,0.0,,0.0,0.0,,0.0,0.0,,0.0,0.0,,0.0,0.0,0.0,12.2,0.0,0.0,0.0,24.3,0.0,,227,123
173,Gary Harris,SG,29,ORL,18,3,393,5.7,12.9,.443,3.3,9.2,.360,2.4,3.8,.645,2.3,2.9,.792,1.1,3.1,4.1,4.0,2.0,0.6,1.1,3.3,17.1,,125,111
174,Joe Harris,SG,32,DET,8,0,101,4.3,12.3,.346,2.8,9.0,.316,1.4,3.3,.429,0.0,0.0,,0.9,2.4,3.3,2.8,0.9,0.5,1.4,5.7,11.4,,96,123
175,Tobias Harris,PF,31,PHI,23,23,793,8.9,17.3,.516,1.5,4.3,.338,7.5,13.0,.575,4.5,5.1,.892,1.3,7.2,8.5,3.7,1.3,0.4,2.4,2.3,23.9,,120,115
176,Shaquille Harrison,SG,30,MEM,3,0,6,8.1,16.1,.500,0.0,0.0,,8.1,16.1,.500,0.0,0.0,,0.0,16.1,16.1,0.0,0.0,8.1,0.0,0.0,16.1,,100,103
177,Josh Hart,SF,28,NYK,23,5,658,5.7,12.0,.475,2.0,5.2,.377,3.7,6.7,.551,0.9,1.3,.706,1.9,8.5,10.4,5.1,1.7,0.5,1.6,3.5,14.2,,122,113
178,Isaiah Hartenstein,C,25,NYK,23,0,426,6.1,10.6,.571,0.1,0.4,.333,6.0,10.3,.580,2.9,4.3,.676,7.2,8.1,15.3,3.3,2.3,1.9,2.2,7.5,15.2,,129,110
179,Sam Hauser,SF,26,BOS,23,2,517,7.0,14.8,.474,6.0,13.1,.457,1.0,1.7,.611,0.8,0.9,.800,1.9,5.5,7.4,1.9,0.9,0.8,1.1,3.3,20.8,,133,113
180,Jordan Hawkins,SG,21,NOP,24,9,616,7.0,18.5,.380,4.4,12.1,.361,2.6,6.4,.415,3.1,3.6,.870,1.3,5.1,6.5,3.0,0.8,0.0,1.7,3.4,21.5,,109,118
Rk,Player,Pos,Age,Tm,G,GS,MP,FG,FGA,FG%,3P,3PA,3P%,2P,2PA,2P%,FT,FTA,FT%,ORB,DRB,TRB,AST,STL,BLK,TOV,PF,PTS,,ORtg,DRtg
181,Jaxson Hayes,C,23,LAL,22,0,243,5.3,8.3,.643,0.0,0.8,.000,5.3,7.5,.711,2.4,4.3,.545,2.0,5.7,7.7,1.6,1.0,1.8,2.9,8.6,13.0,,105,113
182,Killian Hayes,PG,22,DET,23,19,624,6.8,15.6,.436,1.4,4.4,.310,5.4,11.2,.486,1.9,2.8,.694,0.6,4.7,5.3,7.9,2.0,1.1,1.8,3.5,17.0,,111,118
183,Gordon Hayward,SF,33,CHO,21,21,685,8.8,18.9,.468,1.4,3.8,.370,7.4,15.1,.493,4.0,5.2,.767,1.7,5.7,7.4,7.1,1.8,0.6,3.0,2.8,23.0,,112,121
184,Scoot Henderson,PG,19,POR,14,5,372,7.9,21.8,.364,1.9,8.1,.230,6.1,13.7,.442,2.5,3.6,.704,1.6,3.4,5.0,8.6,0.9,0.4,6.1,7.4,20.2,,87,119
185,Taylor Hendricks,PF,20,UTA,7,0,128,5.7,14.4,.395,2.6,8.3,.318,3.0,6.1,.500,0.8,1.1,.667,2.6,4.2,6.8,1.1,2.6,1.9,2.3,3.8,14.8,,98,117
186,Tyler Herro,SG,24,MIA,8,8,272,12.3,27.5,.447,4.5,11.0,.410,7.8,16.4,.473,4.0,4.5,.880,0.5,6.7,7.2,6.7,2.0,0.0,3.6,2.3,33.1,,107,115
187,Buddy Hield,SF,31,IND,22,10,566,8.8,19.3,.454,5.0,13.0,.388,3.7,6.3,.590,0.9,1.1,.846,1.4,4.4,5.8,4.6,1.5,1.0,2.5,3.5,23.5,,114,122
188,Haywood Highsmith,PF,27,MIA,15,14,334,5.2,12.1,.427,2.4,7.2,.327,2.8,4.9,.576,1.6,1.9,.846,1.3,4.7,6.0,3.4,2.5,1.6,2.2,4.7,14.3,,106,112
189,Nate Hinton,SG,24,HOU,4,0,16,9.2,18.5,.500,9.2,9.2,1.000,0.0,9.2,.000,0.0,0.0,,3.1,6.2,9.2,0.0,0.0,0.0,0.0,6.2,27.7,,144,112
190,D'Moi Hodge,SG,25,LAL,6,0,33,4.3,17.4,.250,2.9,14.5,.200,1.4,2.9,.500,1.4,2.9,.500,0.0,0.0,0.0,2.9,1.4,1.4,1.4,5.8,13.0,,75,116
191,Aaron Holiday,PG,27,HOU,19,1,345,7.4,15.6,.477,3.6,8.0,.446,3.9,7.6,.509,1.4,1.7,.833,0.7,4.4,5.1,5.4,1.3,0.3,1.3,5.1,19.9,,124,110
192,Jrue Holiday,PG,33,BOS,21,21,731,6.8,15.2,.447,2.4,6.3,.383,4.4,8.9,.492,1.6,1.9,.828,2.4,7.1,9.5,6.8,1.1,1.2,2.9,2.4,17.6,,115,111
193,Justin Holiday,SG,34,DEN,15,5,230,5.8,10.5,.551,3.4,7.5,.457,2.4,3.0,.786,0.0,0.0,,0.9,4.1,4.9,3.9,2.4,0.0,0.9,4.5,15.0,,139,115
194,Richaun Holmes,C,30,DAL,13,1,133,5.0,10.1,.500,0.0,0.0,,5.0,10.1,.500,2.5,5.4,.467,6.5,10.1,16.5,2.5,0.4,2.2,3.2,7.2,12.6,,107,115
195,Chet Holmgren,C,21,OKC,23,23,686,9.7,18.5,.523,2.4,6.5,.372,7.2,12.0,.605,5.3,6.0,.884,2.8,9.9,12.7,3.9,1.4,3.9,3.1,4.6,27.0,,121,107
196,Jalen Hood-Schifino,SG,20,LAL,5,0,52,3.7,16.5,.222,0.9,7.3,.125,2.8,9.2,.300,4.6,9.2,.500,0.9,4.6,5.5,3.7,0.0,0.9,3.7,6.4,12.9,,66,117
197,Al Horford,C,37,BOS,21,8,551,5.3,10.8,.496,2.4,6.7,.360,2.9,4.1,.717,0.7,0.7,1.000,3.2,9.6,12.8,5.1,0.9,1.8,1.8,3.1,13.8,,130,109
198,Talen Horton-Tucker,PG,23,UTA,25,9,554,8.6,21.2,.403,2.6,8.5,.309,5.9,12.8,.466,3.0,3.7,.810,1.0,5.0,5.9,9.1,2.1,1.0,4.2,4.9,22.7,,104,119
199,Danuel House Jr.,SF,30,PHI,12,0,144,5.4,12.7,.421,2.3,7.0,.333,3.0,5.7,.529,3.0,4.0,.750,1.3,3.7,5.0,3.4,1.7,0.3,3.0,3.4,16.1,,105,116
200,Caleb Houstan,SF,21,ORL,14,0,132,4.7,10.5,.448,4.4,9.8,.444,0.4,0.7,.500,1.5,1.5,1.000,1.1,6.2,7.3,2.2,0.7,0.0,1.1,4.0,15.3,,132,113
Rk,Player,Pos,Age,Tm,G,GS,MP,FG,FGA,FG%,3P,3PA,3P%,2P,2PA,2P%,FT,FTA,FT%,ORB,DRB,TRB,AST,STL,BLK,TOV,PF,PTS,,ORtg,DRtg
201,Jett Howard,SF,20,ORL,6,0,28,5.1,20.6,.250,1.7,15.4,.111,3.4,5.1,.667,1.7,3.4,.500,1.7,3.4,5.1,5.1,0.0,0.0,3.4,1.7,13.7,,72,116
202,Kevin Huerter,SG,25,SAC,22,22,572,7.7,18.2,.422,4.1,11.4,.360,3.6,6.9,.524,1.2,1.4,.824,1.2,6.8,7.9,5.1,1.5,0.6,1.4,4.2,20.7,,115,116
203,Jay Huff,C,25,DEN,2,0,2,24.6,24.6,1.000,0.0,0.0,,24.6,24.6,1.000,0.0,0.0,,0.0,0.0,0.0,0.0,0.0,0.0,0.0,0.0,49.2,,200,123
204,De'Andre Hunter,SF,26,ATL,21,21,643,7.7,17.1,.451,2.8,7.5,.373,4.9,9.6,.511,4.5,5.1,.899,1.0,5.5,6.5,2.1,1.3,0.5,2.4,4.8,22.7,,115,122
205,Bones Hyland,PG,23,LAC,13,2,210,9.1,22.4,.406,4.4,12.1,.365,4.7,10.3,.455,2.1,2.3,.900,0.5,3.0,3.5,5.8,1.6,0.0,4.4,5.1,24.7,,99,115
206,Joe Ingles,SF,36,ORL,23,0,431,4.2,10.3,.409,2.7,6.6,.407,1.6,3.8,.412,1.9,2.1,.895,1.1,6.0,7.1,8.9,2.0,0.3,2.2,4.1,13.0,,123,110
207,Brandon Ingram,SF,26,NOP,22,22,743,12.9,26.0,.495,1.8,6.1,.298,11.0,19.9,.555,6.1,7.6,.797,0.8,6.2,7.0,7.5,1.0,0.3,3.7,3.0,33.6,,113,117
208,Kyrie Irving,SG,31,DAL,17,17,541,12.9,27.4,.471,3.8,9.9,.384,9.1,17.5,.520,5.0,5.5,.903,0.9,5.0,5.9,7.8,1.8,0.4,2.0,2.7,34.6,,122,117
209,Jonathan Isaac,PF,26,ORL,16,0,215,7.8,17.6,.443,2.0,8.5,.237,5.8,9.1,.634,5.1,6.5,.793,4.2,11.6,15.8,1.1,3.3,4.2,2.2,4.7,22.7,,113,99
210,Jaden Ivey,SG,21,DET,20,6,469,8.2,17.2,.473,1.8,6.3,.290,6.3,10.9,.579,4.9,6.2,.787,1.4,4.0,5.4,5.3,1.5,0.9,3.7,5.2,23.1,,109,120
211,Andre Jackson Jr.,SG,22,MIL,18,3,144,4.9,7.9,.625,2.0,3.9,.500,3.0,3.9,.750,0.0,0.0,,3.6,3.6,7.2,4.3,1.6,0.0,2.6,9.2,11.8,,131,119
212,Gregory Jackson II,PF,19,MEM,3,0,7,0.0,27.6,.000,0.0,13.8,.000,0.0,13.8,.000,0.0,0.0,,6.9,13.8,20.7,0.0,6.9,0.0,6.9,0.0,0.0,,16,98
213,Isaiah Jackson,C,22,IND,14,0,187,7.9,12.5,.627,0.0,0.2,.000,7.9,12.3,.640,4.9,6.9,.714,4.7,9.8,14.5,2.7,1.7,5.2,1.7,9.8,20.6,,136,113
214,Jaren Jackson Jr.,C,24,MEM,23,23,730,11.4,25.4,.449,2.7,8.0,.333,8.7,17.4,.502,7.8,9.3,.837,2.4,6.5,8.9,2.7,1.2,2.7,2.9,5.4,33.3,,111,112
215,Reggie Jackson,PG,33,DEN,26,14,682,10.1,20.6,.491,3.3,8.0,.414,6.8,12.6,.540,2.0,2.8,.718,0.6,3.5,4.2,8.7,1.4,0.5,3.0,3.8,25.6,,116,117
216,Trayce Jackson-Davis,PF,23,GSW,15,0,115,5.9,10.9,.538,0.0,0.0,,5.9,10.9,.538,6.3,10.5,.600,5.9,5.0,10.9,2.5,1.3,3.4,2.5,8.0,18.0,,120,113
217,LeBron James,PF,39,LAL,23,23,774,13.5,24.4,.551,3.3,8.1,.405,10.2,16.4,.623,5.7,8.0,.715,1.3,9.4,10.7,9.6,2.2,1.0,4.9,1.6,35.9,,118,109
218,Jaime Jaquez Jr.,SF,22,MIA,25,4,693,9.0,17.5,.514,2.1,5.4,.395,6.9,12.1,.567,2.9,3.4,.854,1.8,4.5,6.4,4.9,1.6,0.4,2.8,4.3,23.1,,115,116
219,DaQuan Jeffries,SG,26,NYK,7,0,19,7.9,21.0,.375,2.6,10.5,.250,5.2,10.5,.500,0.0,5.2,.000,0.0,7.9,7.9,2.6,0.0,0.0,2.6,2.6,18.3,,79,118
220,Ty Jerome,SG,26,CLE,2,0,15,6.5,13.0,.500,0.0,3.3,.000,6.5,9.8,.667,0.0,0.0,,3.3,0.0,3.3,9.8,0.0,0.0,3.3,6.5,13.0,,110,122
Rk,Player,Pos,Age,Tm,G,GS,MP,FG,FGA,FG%,3P,3PA,3P%,2P,2PA,2P%,FT,FTA,FT%,ORB,DRB,TRB,AST,STL,BLK,TOV,PF,PTS,,ORtg,DRtg
221,Isaiah Joe,SG,24,OKC,23,0,463,7.4,17.1,.434,5.9,13.6,.432,1.5,3.5,.441,2.5,2.9,.857,0.2,5.0,5.3,2.6,2.0,0.7,1.0,2.8,23.2,,123,113
222,Cameron Johnson,PF,27,BRK,17,17,494,9.0,19.7,.457,4.1,10.5,.387,4.9,9.2,.538,2.2,2.6,.846,2.9,6.4,9.3,4.4,1.4,0.3,2.1,2.9,24.2,,120,117
223,Jalen Johnson,SF,22,ATL,15,12,449,8.9,15.0,.594,1.8,4.2,.425,7.1,10.8,.660,2.6,3.5,.758,2.1,9.3,11.4,3.8,1.8,1.6,3.1,3.5,22.3,,122,118
224,Keldon Johnson,SF,24,SAS,22,22,729,9.0,18.8,.478,3.0,8.0,.371,6.0,10.8,.557,3.5,4.6,.775,1.6,7.5,9.1,5.9,1.3,0.5,2.0,3.6,24.5,,118,119
225,Keyontae Johnson,SF,23,OKC,1,0,6,0.0,7.9,.000,0.0,0.0,,0.0,7.9,.000,0.0,0.0,,0.0,0.0,0.0,0.0,0.0,0.0,0.0,0.0,0.0,,0,123
226,Nikola Jokić,C,28,DEN,25,25,834,15.6,28.8,.541,1.7,5.6,.305,13.9,23.2,.598,7.2,9.2,.782,4.9,13.9,18.8,13.9,1.7,1.2,4.0,3.8,40.1,,129,109
227,Colby Jones,SG,21,SAC,10,0,71,8.8,18.9,.464,0.7,5.4,.125,8.1,13.5,.600,1.3,2.0,.667,4.0,5.4,9.4,1.3,1.3,0.7,2.7,6.7,19.5,,98,117
228,Damian Jones,C,28,CLE,11,0,54,3.6,7.2,.500,0.0,0.0,,3.6,7.2,.500,0.9,1.8,.500,3.6,6.3,10.0,2.7,0.9,1.8,3.6,3.6,8.1,,92,113
229,Derrick Jones Jr.,SF,26,DAL,23,22,545,7.0,14.7,.479,3.2,8.7,.374,3.8,6.0,.632,2.1,2.9,.727,2.3,5.4,7.6,1.8,1.4,1.8,1.8,3.3,19.4,,118,116
230,Herbert Jones,SF,25,NOP,22,22,674,6.3,12.8,.494,1.8,5.3,.338,4.6,7.5,.604,4.0,4.6,.875,2.0,5.1,7.0,4.4,2.7,1.9,2.3,5.5,18.4,,121,112
231,Tre Jones,PG,24,SAS,20,0,476,5.8,13.2,.440,1.2,4.2,.279,4.6,9.0,.516,2.7,3.2,.844,1.0,4.4,5.4,10.0,1.6,0.4,2.7,2.5,15.5,,113,120
232,Tyus Jones,PG,27,WAS,23,23,615,8.1,16.2,.502,2.0,5.6,.347,6.2,10.5,.586,1.0,1.3,.765,0.5,4.3,4.7,8.4,1.7,0.4,1.3,1.4,19.2,,121,124
233,DeAndre Jordan,C,35,DEN,10,1,147,7.0,12.1,.583,0.0,0.0,,7.0,12.1,.583,3.7,10.4,.355,6.0,10.7,16.8,3.7,1.3,1.7,3.7,6.4,17.8,,105,111
234,Cory Joseph,PG,32,GSW,11,0,121,2.8,11.2,.250,1.6,7.6,.211,1.2,3.6,.333,1.6,2.8,.571,0.8,3.2,4.0,9.6,1.2,0.4,2.0,4.0,8.8,,99,118
235,Nikola Jović,PF,20,MIA,4,1,48,4.1,12.3,.333,3.1,7.2,.429,1.0,5.1,.200,3.1,4.1,.750,1.0,22.5,23.6,9.2,1.0,0.0,5.1,9.2,14.3,,97,108
236,Luke Kennard,SG,27,MEM,8,0,172,5.9,16.3,.362,4.8,12.9,.370,1.1,3.4,.333,2.0,2.0,1.000,0.8,5.6,6.5,4.5,1.4,0.3,1.4,1.1,18.6,,112,116
237,Walker Kessler,C,22,UTA,17,10,426,7.8,13.9,.566,0.2,1.4,.167,7.6,12.5,.609,1.4,2.5,.545,6.3,9.9,16.1,1.9,0.8,5.3,2.5,4.2,17.3,,116,114
238,Braxton Key,SF,26,DEN,6,0,15,3.3,16.4,.200,0.0,6.6,.000,3.3,9.8,.333,3.3,6.6,.500,0.0,9.8,9.8,16.4,0.0,0.0,0.0,9.8,9.8,,97,116
239,Corey Kispert,SF,24,WAS,22,1,501,7.5,16.5,.453,4.1,10.6,.383,3.4,5.9,.578,3.1,4.2,.756,0.9,4.2,5.2,3.0,0.8,0.2,2.0,3.8,22.2,,113,126
240,Maxi Kleber,C,32,DAL,5,1,90,2.1,8.5,.250,1.6,4.8,.333,0.5,3.7,.143,3.2,5.3,.600,2.1,9.0,11.2,5.3,0.5,0.5,2.1,4.3,9.0,,100,117
Rk,Player,Pos,Age,Tm,G,GS,MP,FG,FGA,FG%,3P,3PA,3P%,2P,2PA,2P%,FT,FTA,FT%,ORB,DRB,TRB,AST,STL,BLK,TOV,PF,PTS,,ORtg,DRtg
241,Kevin Knox,SF,24,DET,9,2,141,7.8,15.6,.500,3.4,8.5,.400,4.4,7.1,.619,1.4,1.7,.800,1.7,6.4,8.1,1.7,1.4,0.7,3.1,4.1,20.4,,107,119
242,John Konchar,SF,27,MEM,19,2,335,3.3,9.1,.365,1.9,5.6,.333,1.4,3.5,.417,0.6,0.9,.667,2.9,7.9,10.8,3.9,2.0,1.9,1.2,2.7,9.1,,111,111
243,Furkan Korkmaz,SG,26,PHI,16,0,118,4.5,12.7,.355,1.6,6.5,.250,2.9,6.1,.467,2.9,3.7,.778,0.4,2.9,3.3,3.3,4.1,0.0,2.9,3.3,13.5,,92,112
244,Luke Kornet,C,28,BOS,17,0,220,7.1,9.6,.744,0.0,0.0,,7.1,9.6,.744,2.2,2.7,.833,5.6,6.9,12.5,2.2,1.8,2.9,1.3,4.2,16.5,,154,108
245,Jonathan Kuminga,PF,21,GSW,23,2,475,10.4,21.7,.477,1.7,5.7,.304,8.6,16.0,.538,5.7,8.4,.675,2.2,6.0,8.2,2.1,1.4,0.7,3.1,6.0,28.1,,107,116
246,Kyle Kuzma,PF,28,WAS,23,23,715,13.5,28.2,.477,3.4,9.2,.366,10.1,19.0,.531,3.9,5.0,.792,1.4,7.5,8.9,6.6,0.5,0.9,3.6,2.8,34.2,,108,124
247,Jock Landale,C,28,HOU,14,0,123,4.0,11.2,.357,0.8,4.0,.200,3.2,7.2,.444,1.6,1.6,1.000,4.4,6.0,10.4,3.2,1.6,1.2,3.2,4.4,10.4,,93,108
248,Jake LaRavia,PF,22,MEM,6,0,77,5.7,16.3,.346,1.3,9.4,.133,4.4,6.9,.636,0.6,1.3,.500,1.9,3.1,5.0,2.5,0.6,0.0,1.9,6.9,13.2,,83,119
249,Zach LaVine,SG,28,CHI,18,18,635,10.4,23.6,.443,3.4,10.1,.336,7.0,13.4,.524,5.6,6.5,.866,0.5,6.5,7.0,4.8,1.3,0.3,2.8,2.9,29.9,,112,118
250,A.J. Lawson,SG,23,DAL,7,0,52,9.2,22.1,.417,2.8,12.9,.214,6.4,9.2,.700,1.8,3.7,.500,1.8,1.8,3.7,2.8,0.0,0.9,0.9,1.8,23.0,,104,123
251,Saben Lee,PG,24,PHO,4,0,11,18.0,31.4,.571,0.0,4.5,.000,18.0,27.0,.667,9.0,9.0,1.000,9.0,4.5,13.5,13.5,0.0,4.5,0.0,4.5,44.9,,153,116
252,Alex Len,C,30,SAC,6,0,41,7.0,9.3,.750,0.0,1.2,.000,7.0,8.2,.857,3.5,8.2,.429,8.2,10.5,18.7,5.8,1.2,5.8,2.3,2.3,17.5,,140,108
253,Kawhi Leonard,SF,32,LAC,24,24,838,12.2,24.1,.505,3.2,7.6,.423,8.9,16.5,.543,5.4,6.3,.861,1.4,6.8,8.2,5.0,2.2,1.0,2.2,2.2,33.0,,124,111
254,Caris LeVert,SG,29,CLE,18,1,544,9.1,21.6,.421,2.8,8.7,.320,6.3,12.8,.490,3.8,5.0,.750,0.7,5.0,5.7,5.8,1.7,0.7,2.2,2.9,24.7,,108,114
255,Kira Lewis Jr.,PG,22,NOP,13,0,131,5.5,17.2,.319,0.7,6.2,.118,4.8,11.0,.433,2.9,3.3,.889,1.1,2.9,4.0,6.6,1.8,0.4,2.2,2.9,14.7,,92,117
256,Maxwell Lewis,SF,21,LAL,11,0,52,0.9,8.3,.111,0.9,2.8,.333,0.0,5.5,.000,0.0,0.0,,0.9,1.8,2.8,2.8,1.8,0.0,4.6,1.8,2.8,,39,116
257,E.J. Liddell,PF,23,NOP,3,0,9,5.3,21.3,.250,0.0,16.0,.000,5.3,5.3,1.000,10.7,10.7,1.000,0.0,10.7,10.7,0.0,0.0,5.3,5.3,5.3,21.3,,74,110
258,Damian Lillard,PG,33,MIL,22,22,782,9.4,22.5,.419,3.9,11.2,.346,5.6,11.3,.492,10.3,11.2,.914,0.8,5.2,6.0,9.3,1.3,0.3,3.7,2.1,33.0,,123,119
259,Nassir Little,PF,23,PHO,17,0,256,6.4,12.9,.493,2.5,7.3,.342,3.9,5.6,.690,2.7,3.1,.875,1.9,6.0,7.9,2.7,1.7,1.5,1.5,4.1,18.0,,125,115
260,Dereck Lively II,C,19,DAL,22,21,576,7.8,10.5,.740,0.0,0.2,.000,7.8,10.4,.752,1.4,2.4,.586,5.4,9.2,14.6,2.2,1.2,3.0,2.3,5.8,17.0,,136,113
Rk,Player,Pos,Age,Tm,G,GS,MP,FG,FGA,FG%,3P,3PA,3P%,2P,2PA,2P%,FT,FTA,FT%,ORB,DRB,TRB,AST,STL,BLK,TOV,PF,PTS,,ORtg,DRtg
261,Isaiah Livers,PF,25,DET,10,1,210,4.3,13.4,.322,2.7,9.3,.293,1.6,4.1,.389,1.6,2.1,.778,0.9,3.9,4.8,2.7,0.9,0.0,2.3,3.6,13.0,,91,123
262,Chris Livingston,SF,20,MIL,3,0,12,7.9,11.8,.667,3.9,3.9,1.000,3.9,7.9,.500,0.0,0.0,,3.9,3.9,7.9,3.9,3.9,0.0,3.9,0.0,19.7,,131,114
263,Kenneth Lofton Jr.,PF,21,MEM,15,0,99,6.8,18.1,.378,1.5,4.9,.300,5.4,13.2,.407,3.9,7.3,.533,1.0,6.4,7.3,6.8,1.5,1.5,2.9,7.3,19.1,,95,113
264,Kevon Looney,C,27,GSW,24,21,532,5.1,8.8,.577,0.0,0.0,,5.1,8.8,.577,2.0,2.9,.688,6.2,11.7,17.9,5.9,1.6,0.6,2.0,5.6,12.1,,134,112
265,Brook Lopez,C,35,MIL,24,24,739,7.6,15.4,.494,2.7,7.9,.347,4.9,7.5,.650,2.6,3.2,.800,2.2,5.3,7.5,2.3,1.3,4.5,1.4,4.2,20.5,,123,114
266,Robin Lopez,C,35,MIL,5,0,13,0.0,3.6,.000,0.0,3.6,.000,0.0,0.0,,7.3,7.3,1.000,0.0,0.0,0.0,3.6,0.0,0.0,3.6,10.9,7.3,,90,125
267,Kevin Love,PF,35,MIA,19,4,354,7.4,18.2,.405,4.4,13.1,.340,2.9,5.1,.568,4.4,5.4,.821,2.5,15.3,17.8,6.7,1.0,0.3,1.8,4.9,23.6,,122,112
268,Kyle Lowry,PG,37,MIA,24,24,715,5.4,11.9,.451,3.6,8.3,.442,1.7,3.6,.472,1.8,2.1,.839,1.3,5.3,6.6,6.8,2.1,0.5,2.3,4.6,16.2,,122,114
269,Trey Lyles,PF,28,SAC,10,0,198,6.0,14.3,.424,3.4,10.4,.326,2.7,3.9,.688,2.9,4.6,.632,2.4,11.1,13.5,3.9,0.2,0.7,1.7,4.6,18.4,,117,116
270,Théo Maledon,PG,22,CHO,13,1,200,4.6,16.0,.288,1.2,7.3,.167,3.4,8.7,.389,2.7,2.9,.917,1.0,4.6,5.6,6.8,1.7,0.0,3.6,4.4,13.1,,84,123
271,Sandro Mamukelashvili,C,24,SAS,8,0,59,4.8,12.0,.400,1.6,5.6,.286,3.2,6.4,.500,4.0,4.8,.833,4.8,6.4,11.2,6.4,1.6,0.8,2.4,7.2,15.1,,118,118
272,Terance Mann,SG,27,LAC,18,14,475,4.8,11.2,.431,1.1,5.3,.216,3.7,6.0,.621,1.2,2.0,.632,2.2,4.7,6.9,3.8,1.4,0.6,1.2,3.5,12.1,,112,114
273,Tre Mann,PG,22,OKC,8,0,85,9.0,17.9,.500,2.8,7.3,.385,6.2,10.7,.579,0.6,0.6,1.000,1.7,7.9,9.5,6.7,1.7,0.0,3.9,1.7,21.3,,109,112
274,Boban Marjanović,C,35,HOU,3,0,20,12.3,22.2,.556,0.0,2.5,.000,12.3,19.7,.625,0.0,2.5,.000,4.9,14.8,19.7,7.4,0.0,2.5,0.0,4.9,24.6,,125,104
275,Lauri Markkanen,PF,26,UTA,16,16,536,11.7,23.9,.487,4.8,12.3,.390,6.9,11.7,.589,6.1,7.4,.829,3.3,9.1,12.4,1.4,1.5,1.2,1.8,3.3,34.2,,127,118
276,Naji Marshall,SF,26,NOP,16,0,330,6.7,14.3,.469,2.8,6.5,.422,3.9,7.7,.509,4.4,5.1,.857,2.9,7.9,10.8,5.4,1.9,0.7,2.9,3.3,20.5,,121,113
277,Caleb Martin,SF,28,MIA,15,5,408,8.8,20.1,.437,2.7,7.2,.367,6.1,12.9,.477,1.9,2.9,.667,2.4,6.6,9.0,4.5,1.2,0.5,2.5,4.0,22.2,,104,116
278,KJ Martin,SF,23,TOT,13,0,95,5.1,12.2,.417,0.5,3.1,.167,4.6,9.2,.500,1.5,3.1,.500,2.0,5.6,7.7,3.1,3.1,0.5,2.6,7.7,12.2,,93,111
278,KJ Martin,SF,23,LAC,2,0,31,6.3,15.8,.400,1.6,7.9,.200,4.7,7.9,.600,1.6,3.2,.500,1.6,3.2,4.7,1.6,3.2,1.6,3.2,4.7,15.8,,86,110
278,KJ Martin,SF,23,PHI,11,0,64,4.5,10.6,.429,0.0,0.8,.000,4.5,9.8,.462,1.5,3.0,.500,2.3,6.8,9.0,3.8,3.0,0.0,2.3,9.0,10.6,,97,112
279,Garrison Mathews,SG,27,ATL,11,1,92,3.6,9.7,.368,3.6,9.7,.368,0.0,0.0,,0.0,0.0,,1.0,4.6,5.6,1.0,2.0,0.0,1.0,5.1,10.8,,111,122
280,Bennedict Mathurin,SF,21,IND,22,12,556,8.8,20.1,.440,2.2,6.2,.360,6.6,13.9,.476,5.1,6.2,.827,2.1,5.0,7.1,3.9,1.1,0.3,2.6,3.8,25.0,,111,123
Rk,Player,Pos,Age,Tm,G,GS,MP,FG,FGA,FG%,3P,3PA,3P%,2P,2PA,2P%,FT,FTA,FT%,ORB,DRB,TRB,AST,STL,BLK,TOV,PF,PTS,,ORtg,DRtg
281,Wesley Matthews,SG,37,ATL,13,1,148,2.5,10.2,.250,1.9,8.3,.231,0.6,1.9,.333,4.1,5.4,.765,1.3,4.5,5.7,2.9,2.5,0.3,1.3,5.7,11.1,,104,120
282,Tyrese Maxey,PG,23,PHI,22,22,826,11.5,25.0,.460,4.1,10.4,.393,7.4,14.6,.508,6.5,7.2,.895,0.8,4.6,5.3,8.7,1.0,0.8,1.8,2.4,33.6,,130,117
283,Skylar Mays,PG,26,POR,15,5,290,7.3,18.0,.406,2.0,7.0,.293,5.3,11.0,.477,1.9,2.2,.846,0.8,3.4,4.2,11.5,2.0,0.3,2.5,3.2,18.5,,112,117
284,Miles McBride,PG,23,NYK,14,0,67,7.4,14.9,.500,4.5,11.1,.400,3.0,3.7,.800,0.7,1.5,.500,0.7,1.5,2.2,4.5,3.0,0.0,0.0,5.9,20.1,,146,115
285,CJ McCollum,PG,32,NOP,12,12,395,10.4,23.2,.450,4.3,10.7,.398,6.2,12.5,.495,4.0,5.0,.805,1.0,5.0,6.0,8.0,2.2,1.2,1.8,3.3,29.2,,121,114
286,T.J. McConnell,PG,31,IND,16,0,231,10.7,20.1,.535,0.2,1.8,.111,10.5,18.3,.576,2.4,3.4,.706,1.8,6.2,8.0,13.7,3.0,0.4,3.8,3.8,24.1,,119,118
287,Jaden McDaniels,SF,23,MIN,13,12,311,8.8,15.6,.560,2.0,5.8,.351,6.7,9.9,.683,0.5,0.6,.750,1.3,3.3,4.5,2.3,0.9,0.8,1.9,6.7,20.0,,116,111
288,Jalen McDaniels,SF,26,TOR,15,0,138,4.6,16.2,.283,1.4,7.8,.182,3.2,8.5,.375,0.7,0.7,1.000,1.4,4.9,6.3,3.2,1.8,1.1,2.1,4.6,11.3,,78,115
289,Doug McDermott,SF,32,SAS,21,0,350,6.3,13.8,.456,5.0,10.6,.468,1.3,3.2,.417,0.8,1.1,.750,0.4,2.8,3.2,4.8,1.1,0.3,1.7,3.4,18.4,,120,122
290,JaVale McGee,C,36,SAC,21,0,185,11.4,16.8,.677,0.0,0.3,.000,11.4,16.6,.688,2.8,5.2,.550,6.7,11.1,17.8,2.3,1.3,2.8,5.4,6.7,25.6,,111,111
291,Bryce McGowens,SG,21,CHO,17,1,268,4.5,9.9,.455,2.7,6.1,.441,1.8,3.8,.476,2.0,2.5,.786,0.9,4.5,5.4,2.7,1.1,0.4,1.6,4.5,13.7,,118,124
292,Jordan McLaughlin,PG,27,MIN,7,0,29,3.4,8.4,.400,3.4,5.0,.667,0.0,3.4,.000,3.4,3.4,1.000,0.0,0.0,0.0,11.7,1.7,3.4,0.0,3.4,13.4,,171,109
293,De'Anthony Melton,SG,25,PHI,23,23,684,6.8,17.1,.397,3.7,9.7,.384,3.0,7.3,.413,3.4,4.2,.800,1.3,5.4,6.7,6.0,2.4,0.8,2.2,4.2,20.7,,116,113
294,Sam Merrill,SG,27,CLE,12,0,102,6.2,17.2,.361,6.2,14.9,.419,0.0,2.4,.000,0.0,0.0,,1.9,3.8,5.7,3.8,1.0,0.0,1.4,4.8,18.7,,113,117
295,Chimezie Metu,C,26,PHO,14,2,147,7.7,15.5,.500,2.7,7.1,.381,5.0,8.4,.600,2.0,2.7,.750,2.0,7.4,9.4,1.7,2.0,1.7,1.7,6.1,20.2,,118,113
296,Vasilije Micić,PG,30,OKC,9,0,114,4.2,12.1,.345,2.1,7.1,.294,2.1,5.0,.417,1.7,2.5,.667,0.0,2.1,2.1,11.3,0.8,0.0,4.2,2.5,12.1,,97,119
297,Khris Middleton,SF,32,MIL,20,20,451,10.1,21.3,.473,2.8,7.9,.360,7.2,13.4,.539,3.2,4.1,.795,1.7,8.8,10.5,9.0,1.8,0.1,3.9,4.2,26.2,,114,116
298,Brandon Miller,SF,21,CHO,20,14,640,8.5,19.0,.446,3.1,7.7,.402,5.4,11.3,.477,2.3,2.9,.816,1.5,4.7,6.2,3.3,1.1,0.8,2.5,4.5,22.4,,108,123
299,Jordan Miller,SF,24,LAC,2,0,7,14.0,21.0,.667,7.0,7.0,1.000,7.0,14.0,.500,0.0,0.0,,0.0,0.0,0.0,0.0,0.0,0.0,0.0,14.0,35.0,,154,121
300,Leonard Miller,SF,20,MIN,3,0,6,8.1,16.2,.500,0.0,0.0,,8.1,16.2,.500,0.0,0.0,,0.0,48.6,48.6,8.1,0.0,0.0,0.0,8.1,16.2,,122,85
Rk,Player,Pos,Age,Tm,G,GS,MP,FG,FGA,FG%,3P,3PA,3P%,2P,2PA,2P%,FT,FTA,FT%,ORB,DRB,TRB,AST,STL,BLK,TOV,PF,PTS,,ORtg,DRtg
301,Dariq Whitehead,SF,19,BRK,1,0,3,0.0,0.0,,0.0,0.0,,0.0,0.0,,16.3,32.6,.500,0.0,0.0,0.0,0.0,0.0,16.3,0.0,0.0,16.3,,123,105
302,Patty Mills,PG,35,ATL,2,0,22,4.3,12.9,.333,4.3,8.6,.500,0.0,4.3,.000,0.0,0.0,,0.0,4.3,4.3,4.3,2.1,2.1,2.1,4.3,12.9,,102,119
303,Shake Milton,SG,27,MIN,23,0,364,6.1,15.9,.387,1.5,5.9,.250,4.7,10.0,.467,4.5,5.5,.829,0.7,4.8,5.5,4.7,1.9,0.4,3.1,4.7,18.3,,100,108
304,Justin Minaya,SF,24,POR,6,0,38,2.6,7.8,.333,2.6,5.2,.500,0.0,2.6,.000,1.3,2.6,.500,5.2,1.3,6.5,0.0,0.0,1.3,1.3,2.6,9.1,,112,122
305,Josh Minott,SF,21,MIN,11,0,27,14.4,25.2,.571,0.0,9.0,.000,14.4,16.2,.889,7.2,10.8,.667,1.8,3.6,5.4,1.8,0.0,1.8,0.0,7.2,36.0,,126,112
306,Davion Mitchell,PG,25,SAC,17,3,255,4.7,13.7,.342,2.3,8.1,.279,2.4,5.6,.433,1.9,2.1,.909,0.4,3.0,3.4,7.5,0.9,0.4,2.4,4.5,13.5,,102,119
307,Donovan Mitchell,SG,27,CLE,20,20,717,13.0,28.6,.455,4.1,11.9,.345,8.9,16.8,.533,7.4,8.5,.879,1.4,6.5,8.0,7.0,2.6,0.5,3.7,2.8,37.6,,115,111
308,Evan Mobley,PF,22,CLE,21,21,705,9.8,17.2,.573,0.1,0.7,.200,9.7,16.5,.588,3.5,4.5,.769,3.9,11.4,15.3,4.2,1.2,2.4,3.3,4.2,23.3,,116,109
309,Isaiah Mobley,PF,24,CLE,2,0,10,4.9,14.7,.333,0.0,4.9,.000,4.9,9.8,.500,0.0,0.0,,0.0,9.8,9.8,14.7,4.9,0.0,4.9,9.8,9.8,,85,104
310,Malik Monk,SG,25,SAC,23,0,583,9.2,20.9,.439,5.2,11.9,.434,4.0,9.0,.445,4.4,4.9,.900,1.0,3.9,4.9,9.5,1.3,0.8,4.5,3.2,28.0,,115,117
311,Moses Moody,SG,21,GSW,24,4,458,8.0,16.4,.487,2.8,8.0,.355,5.2,8.4,.613,3.3,4.4,.738,3.3,5.7,8.9,2.5,1.9,0.7,1.9,3.9,22.1,,121,115
312,Xavier Moon,SG,29,LAC,1,0,7,7.0,14.0,.500,0.0,7.0,.000,7.0,7.0,1.000,0.0,0.0,,0.0,0.0,0.0,14.0,0.0,0.0,7.0,7.0,14.0,,93,121
313,Wendell Moore Jr.,SG,22,MIN,4,0,9,0.0,10.8,.000,0.0,10.8,.000,0.0,0.0,,0.0,0.0,,0.0,5.4,5.4,5.4,0.0,0.0,0.0,5.4,0.0,,34,113
314,Marcus Morris,PF,34,PHI,16,3,204,7.6,15.1,.500,3.3,6.6,.500,4.3,8.5,.500,1.2,1.2,1.000,1.7,8.0,9.7,2.4,1.2,1.7,1.2,6.4,19.6,,127,113
315,Markieff Morris,PF,34,DAL,8,0,76,5.0,15.7,.320,3.1,10.1,.313,1.9,5.7,.333,0.0,0.0,,1.9,5.7,7.6,3.8,1.9,0.6,3.1,4.4,13.2,,86,116
316,Trey Murphy III,SF,23,NOP,5,0,131,10.6,20.9,.509,5.9,13.6,.432,4.8,7.3,.650,4.0,5.1,.786,0.4,5.9,6.2,2.9,1.1,1.1,0.7,0.7,31.1,,134,116
317,Dejounte Murray,SG,27,ATL,23,23,789,10.5,23.4,.448,3.2,8.3,.388,7.2,15.1,.480,3.4,3.9,.864,1.1,5.0,6.0,7.3,2.2,0.4,3.0,2.0,27.5,,115,121
318,Jamal Murray,PG,26,DEN,12,12,351,11.4,24.7,.460,4.1,9.0,.453,7.3,15.7,.464,3.9,4.3,.903,0.6,4.9,5.5,10.2,1.0,1.3,3.4,3.4,30.7,,117,116
319,Keegan Murray,SF,23,SAC,19,19,611,7.6,18.2,.416,3.0,9.8,.304,4.6,8.5,.546,2.4,2.8,.861,2.3,6.0,8.3,2.6,1.8,0.6,1.6,4.1,20.6,,109,115
320,Kris Murray,SF,23,POR,13,0,144,4.1,12.6,.324,2.7,8.2,.333,1.4,4.4,.308,1.0,1.7,.600,2.7,5.1,7.9,2.4,3.4,0.7,0.3,3.4,11.9,,110,112
Rk,Player,Pos,Age,Tm,G,GS,MP,FG,FGA,FG%,3P,3PA,3P%,2P,2PA,2P%,FT,FTA,FT%,ORB,DRB,TRB,AST,STL,BLK,TOV,PF,PTS,,ORtg,DRtg
321,Mike Muscala,C,32,WAS,11,2,128,4.3,11.2,.387,1.8,6.9,.263,2.5,4.3,.583,2.2,2.9,.750,1.8,6.9,8.7,3.3,0.7,1.1,2.9,4.0,12.7,,96,123
322,Svi Mykhailiuk,SF,26,BOS,8,0,59,5.0,14.1,.353,3.3,11.6,.286,1.7,2.5,.667,0.0,0.0,,0.8,3.3,4.2,0.8,2.5,0.0,3.3,3.3,13.3,,81,112
323,Larry Nance Jr.,C,31,NOP,14,0,211,4.8,9.6,.500,0.7,2.5,.273,4.1,7.1,.581,0.9,1.8,.500,4.1,9.1,13.2,2.3,2.0,0.9,3.0,4.3,11.1,,102,112
324,Andrew Nembhard,PG,24,IND,17,2,308,7.8,17.0,.456,1.3,5.5,.243,6.4,11.5,.558,0.9,1.3,.667,1.3,3.0,4.3,10.4,2.2,0.1,3.3,4.9,17.8,,109,122
325,Aaron Nesmith,SF,24,IND,20,1,489,7.7,14.2,.543,3.4,7.6,.444,4.3,6.6,.657,2.2,3.3,.657,1.5,3.9,5.4,1.9,1.6,1.0,1.3,6.5,21.0,,128,122
326,Georges Niang,PF,30,CLE,25,1,562,6.3,15.7,.403,3.2,9.2,.349,3.1,6.5,.480,1.2,1.3,.933,0.8,7.5,8.3,2.6,0.6,0.2,1.5,5.0,17.1,,106,115
327,Daishen Nix,PG,21,MIN,6,0,21,6.9,18.5,.375,4.6,11.6,.400,2.3,6.9,.333,0.0,4.6,.000,0.0,2.3,2.3,0.0,2.3,0.0,0.0,0.0,18.5,,90,110
328,Zeke Nnaji,PF,23,DEN,21,0,217,6.4,12.5,.509,0.9,2.0,.444,5.4,10.4,.522,4.1,6.6,.621,6.1,5.4,11.6,2.3,0.7,2.7,2.5,6.8,17.7,,118,114
329,Jaylen Nowell,SG,24,MEM,9,1,156,6.8,17.1,.400,1.2,7.1,.174,5.6,9.9,.563,0.9,0.9,1.000,0.9,3.4,4.3,5.0,0.9,0.0,1.6,4.0,15.8,,98,118
330,Markquis Nowell,SG,24,TOR,1,0,4,0.0,12.2,.000,0.0,0.0,,0.0,12.2,.000,24.3,24.3,1.000,24.3,0.0,24.3,24.3,12.2,0.0,0.0,0.0,24.3,,170,96
331,Jusuf Nurkić,C,29,PHO,24,24,678,7.7,16.8,.461,1.2,4.3,.271,6.6,12.5,.526,4.7,6.5,.719,5.0,12.2,17.1,6.9,1.7,2.1,3.4,6.3,21.3,,116,110
332,Jordan Nwora,SF,25,IND,6,0,79,9.3,20.9,.444,2.9,9.3,.313,6.4,11.6,.550,1.7,2.3,.750,4.1,5.8,9.9,4.1,2.9,0.6,4.7,4.7,23.3,,101,118
333,Royce O'Neale,SF,30,BRK,23,5,634,4.7,12.0,.391,4.0,9.9,.403,0.7,2.1,.333,0.5,0.9,.583,1.2,7.6,8.9,5.8,1.4,1.3,1.5,4.7,14.0,,122,115
334,Chuma Okeke,SF,25,ORL,10,0,50,4.8,13.4,.357,2.9,9.6,.300,1.9,3.8,.500,0.0,0.0,,2.9,7.7,10.5,2.9,1.0,0.0,2.9,0.0,12.5,,93,112
335,Josh Okogie,SG,25,PHO,23,11,491,4.5,10.9,.417,1.4,5.1,.275,3.1,5.7,.544,4.6,6.0,.767,3.8,4.0,7.9,2.7,2.2,1.2,1.9,3.1,15.1,,119,116
336,Onyeka Okongwu,C,23,ATL,23,0,542,6.3,11.6,.549,0.7,2.6,.267,5.7,9.0,.631,3.7,4.4,.843,5.0,8.6,13.7,3.0,1.0,1.7,1.4,5.6,17.1,,138,120
337,Isaac Okoro,SF,23,CLE,16,5,378,4.9,10.6,.463,1.4,4.1,.344,3.5,6.5,.540,1.9,3.0,.652,2.3,4.4,6.7,3.0,2.1,0.9,1.7,4.8,13.2,,113,113
338,Kelly Olynyk,C,32,UTA,23,4,493,5.8,10.9,.532,1.8,4.1,.429,4.0,6.8,.594,3.4,3.8,.897,3.7,9.5,13.3,8.9,1.7,0.4,4.1,6.3,16.8,,125,118
339,Eugene Omoruyi,SF,26,WAS,13,0,81,13.7,22.3,.615,2.9,6.9,.417,10.9,15.4,.704,7.4,9.7,.765,5.1,7.4,12.6,4.6,3.4,0.6,4.6,6.9,37.7,,126,117
340,Cedi Osman,SF,28,SAS,23,1,440,7.5,16.3,.461,3.3,9.0,.369,4.2,7.3,.574,1.4,2.1,.650,1.2,4.8,6.0,4.1,1.1,0.5,1.6,4.0,19.7,,112,121
Rk,Player,Pos,Age,Tm,G,GS,MP,FG,FGA,FG%,3P,3PA,3P%,2P,2PA,2P%,FT,FTA,FT%,ORB,DRB,TRB,AST,STL,BLK,TOV,PF,PTS,,ORtg,DRtg
341,Kelly Oubre Jr.,SF,28,PHI,12,5,316,10.1,19.5,.516,2.9,7.9,.365,7.2,11.6,.618,4.0,5.3,.743,2.3,6.1,8.4,1.4,2.4,0.6,1.5,4.0,27.0,,123,113
342,Chris Paul,PG,38,GSW,21,7,562,5.7,14.1,.409,2.2,6.4,.347,3.5,7.6,.461,2.6,2.8,.909,0.5,5.9,6.4,13.0,2.5,0.1,2.1,3.3,16.3,,126,114
343,Cameron Payne,PG,29,MIL,24,2,406,6.6,14.2,.467,3.4,7.9,.426,3.3,6.3,.519,1.0,1.2,.900,0.1,3.5,3.6,7.0,1.0,0.2,2.4,5.6,17.7,,118,121
344,Gary Payton II,SG,31,GSW,14,0,242,6.8,14.1,.479,1.8,5.6,.321,5.0,8.6,.581,1.2,1.8,.667,3.0,5.8,8.8,2.6,3.4,0.8,1.8,5.2,16.5,,113,111
345,Filip Petrušev,C,23,TOT,3,0,10,4.8,9.6,.500,0.0,0.0,,4.8,9.6,.500,4.8,9.6,.500,0.0,4.8,4.8,0.0,0.0,0.0,0.0,4.8,14.4,,108,120
345,Filip Petrušev,C,23,PHI,1,0,3,0.0,0.0,,0.0,0.0,,0.0,0.0,,0.0,0.0,,0.0,16.1,16.1,0.0,0.0,0.0,0.0,0.0,0.0,,,113
345,Filip Petrušev,C,23,SAC,2,0,7,6.8,13.7,.500,0.0,0.0,,6.8,13.7,.500,6.8,13.7,.500,0.0,0.0,0.0,0.0,0.0,0.0,0.0,6.8,20.5,,108,123
346,Julian Phillips,SF,20,CHI,14,0,69,3.6,12.4,.294,0.0,5.8,.000,3.6,6.5,.556,0.7,2.9,.250,1.5,5.8,7.3,4.4,0.7,0.0,1.5,6.5,8.0,,76,120
347,Jalen Pickett,SG,24,DEN,12,0,77,6.4,13.4,.476,3.8,9.6,.400,2.6,3.8,.667,1.3,1.3,1.000,0.6,5.8,6.4,5.1,1.9,0.0,3.8,4.5,17.9,,108,115
348,Mason Plumlee,C,33,LAC,6,0,102,5.8,9.1,.632,0.0,0.0,,5.8,9.1,.632,2.9,6.7,.429,3.8,12.0,15.8,2.9,1.9,0.5,2.4,2.9,14.4,,115,108
349,Brandin Podziemski,SG,20,GSW,18,1,370,7.2,15.9,.451,2.5,6.0,.413,4.7,9.9,.474,1.6,2.5,.632,3.6,8.0,11.6,5.6,1.6,0.4,2.9,4.0,18.4,,112,114
350,Jakob Poeltl,C,28,TOR,24,24,642,8.9,12.4,.720,0.0,0.0,,8.9,12.4,.720,2.0,4.0,.509,5.4,10.2,15.5,4.2,1.3,2.1,2.7,4.9,19.9,,130,112
351,Aleksej Pokusevski,PF,22,OKC,7,0,43,2.2,12.2,.182,1.1,8.9,.125,1.1,3.3,.333,1.1,2.2,.500,2.2,6.7,8.9,5.5,0.0,1.1,3.3,5.5,6.7,,69,116
352,Jordan Poole,SG,24,WAS,22,22,641,9.3,23.2,.401,2.8,9.7,.291,6.5,13.6,.479,4.7,5.4,.867,0.6,3.2,3.9,5.3,1.7,0.6,4.6,4.8,26.1,,94,124
353,Craig Porter Jr.,PG,23,CLE,14,1,200,9.8,17.8,.548,0.7,1.7,.429,9.0,16.1,.561,4.4,6.4,.692,0.7,5.6,6.4,8.3,2.2,1.5,3.4,3.7,24.7,,117,111
354,Michael Porter Jr.,SF,25,DEN,26,26,816,10.0,21.2,.473,4.3,11.3,.380,5.7,9.9,.579,1.8,2.4,.750,2.6,9.8,12.4,2.5,0.8,1.2,1.8,3.4,26.1,,116,113
355,Otto Porter Jr.,SF,30,TOR,11,1,130,3.7,9.7,.385,2.6,7.1,.368,1.1,2.6,.429,0.4,0.4,1.000,2.2,6.7,9.0,1.1,1.5,1.5,0.7,4.5,10.5,,114,114
356,Bobby Portis,PF,28,MIL,24,0,568,9.6,19.5,.491,1.7,5.2,.323,7.9,14.3,.552,2.4,3.1,.784,2.9,9.8,12.7,2.3,1.4,1.1,1.7,4.7,23.2,,114,115
357,Kristaps Porziņģis,C,28,BOS,18,18,545,10.3,19.7,.525,2.7,8.3,.326,7.6,11.4,.669,7.6,9.1,.832,2.4,8.3,10.7,2.9,1.3,2.6,2.4,5.0,30.9,,128,108
358,Micah Potter,PF,25,UTA,1,0,3,0.0,0.0,,0.0,0.0,,0.0,0.0,,0.0,0.0,,0.0,0.0,0.0,0.0,0.0,0.0,0.0,0.0,0.0,,,128
359,Dwight Powell,C,32,DAL,21,1,292,4.1,5.7,.714,0.2,0.2,1.000,3.9,5.6,.706,5.9,7.2,.818,3.9,6.4,10.3,4.9,1.5,1.3,1.5,6.4,14.3,,161,116
360,Norman Powell,SG,30,LAC,24,0,599,8.6,17.5,.491,3.5,8.1,.434,5.1,9.4,.539,4.3,5.1,.855,0.3,3.8,4.2,2.2,1.3,0.9,2.0,3.8,25.0,,120,115
Rk,Player,Pos,Age,Tm,G,GS,MP,FG,FGA,FG%,3P,3PA,3P%,2P,2PA,2P%,FT,FTA,FT%,ORB,DRB,TRB,AST,STL,BLK,TOV,PF,PTS,,ORtg,DRtg
361,Taurean Prince,PF,29,LAL,23,23,688,5.6,12.6,.440,3.0,7.7,.387,2.6,4.9,.521,1.0,1.4,.700,0.5,3.7,4.2,2.6,1.2,0.6,1.4,3.3,15.1,,108,115
362,Payton Pritchard,PG,26,BOS,23,0,455,5.3,14.0,.377,2.9,9.2,.318,2.4,4.8,.489,1.1,1.4,.769,2.2,5.6,7.8,7.0,1.0,0.2,1.3,2.6,14.5,,119,114
363,Olivier-Maxence Prosper,PF,21,DAL,14,0,115,4.6,12.1,.379,2.1,7.9,.263,2.5,4.2,.600,3.7,5.8,.643,1.7,6.7,8.3,3.3,0.4,0.4,0.4,3.3,15.0,,119,119
364,Neemias Queta,C,24,BOS,3,0,31,6.3,15.8,.400,0.0,0.0,,6.3,15.8,.400,6.3,7.9,.800,12.6,14.2,26.9,0.0,1.6,0.0,3.2,3.2,19.0,,115,107
365,Immanuel Quickley,SG,24,NYK,22,0,527,10.5,24.0,.437,4.3,11.5,.377,6.1,12.5,.492,6.0,6.6,.900,0.5,5.4,5.9,5.6,1.0,0.2,2.3,3.2,31.3,,122,117
366,Lester Quinones,SG,23,GSW,2,0,9,10.7,32.1,.333,5.4,21.4,.250,5.4,10.7,.500,0.0,0.0,,0.0,0.0,0.0,0.0,0.0,0.0,5.4,5.4,26.8,,71,123
367,Julius Randle,PF,29,NYK,23,23,809,11.4,25.1,.453,2.4,7.8,.310,9.0,17.3,.518,6.5,9.0,.726,3.1,10.7,13.8,7.6,1.0,0.3,4.6,3.6,31.7,,112,114
368,Duop Reath,C,27,POR,15,4,235,9.0,21.3,.422,4.8,13.6,.354,4.2,7.7,.541,2.9,3.3,.875,2.9,5.4,8.4,4.0,2.1,1.0,2.1,6.3,25.7,,117,115
369,Austin Reaves,SG,25,LAL,25,8,731,8.2,17.3,.473,2.5,7.2,.355,5.6,10.1,.558,4.8,5.6,.859,1.5,6.2,7.7,8.1,1.6,0.1,3.9,2.4,23.7,,114,113
370,Cam Reddish,SF,24,LAL,21,14,503,4.8,11.5,.421,1.7,5.1,.333,3.1,6.4,.493,2.8,3.2,.853,1.1,4.4,5.5,2.6,2.8,0.7,1.3,3.4,14.2,,111,111
371,Paul Reed,C,24,PHI,23,1,322,7.6,13.0,.586,0.6,1.5,.400,7.0,11.5,.610,1.3,1.8,.750,5.8,8.8,14.7,3.4,1.5,1.9,3.3,7.3,17.2,,120,111
372,Naz Reid,C,24,MIN,23,0,514,11.0,22.0,.500,4.1,10.4,.391,6.9,11.5,.598,3.1,3.4,.917,2.6,7.5,10.0,2.1,1.6,1.2,2.4,3.5,29.1,,118,106
373,Jared Rhoden,SG,24,DET,5,0,30,8.0,14.4,.556,1.6,6.4,.250,6.4,8.0,.800,3.2,3.2,1.000,1.6,4.8,6.4,4.8,0.0,0.0,3.2,6.4,20.7,,119,124
374,Nick Richards,C,26,CHO,16,3,321,6.9,10.1,.687,0.0,0.0,,6.9,10.1,.687,5.7,7.1,.809,4.5,11.0,15.5,0.9,0.9,3.2,2.7,6.0,19.6,,133,117
375,Josh Richardson,SG,30,MIA,20,4,557,6.6,14.9,.444,2.4,7.6,.314,4.2,7.3,.578,2.5,2.7,.903,0.9,3.9,4.8,5.4,1.1,0.4,1.9,3.2,18.1,,114,118
376,Duncan Robinson,SF,29,MIA,23,15,688,8.7,18.0,.484,5.1,11.6,.442,3.6,6.4,.562,2.0,2.5,.800,0.5,4.0,4.5,4.8,0.8,0.2,2.1,3.9,24.6,,121,118
377,Jerome Robinson,SG,26,GSW,1,0,5,0.0,19.3,.000,0.0,0.0,,0.0,19.3,.000,0.0,0.0,,9.6,9.6,19.3,0.0,0.0,0.0,0.0,0.0,0.0,,39,118
378,Mitchell Robinson,C,25,NYK,21,21,613,4.7,8.0,.592,0.0,0.0,,4.7,8.0,.592,1.1,3.1,.368,9.1,8.4,17.5,1.2,2.6,2.2,1.7,3.2,10.6,,128,109
379,Orlando Robinson,C,23,MIA,11,6,198,7.4,13.7,.545,1.7,2.5,.700,5.7,11.2,.511,2.5,3.5,.714,4.2,9.7,13.9,5.5,1.2,1.7,3.2,6.5,19.1,,121,112
380,Jeremiah Robinson-Earl,PF,23,NOP,10,1,107,6.3,13.0,.483,2.7,4.9,.545,3.6,8.1,.444,2.7,2.7,1.000,4.5,7.2,11.7,2.7,0.9,0.0,2.7,4.0,17.9,,121,117
Rk,Player,Pos,Age,Tm,G,GS,MP,FG,FGA,FG%,3P,3PA,3P%,2P,2PA,2P%,FT,FTA,FT%,ORB,DRB,TRB,AST,STL,BLK,TOV,PF,PTS,,ORtg,DRtg
381,David Roddy,PF,22,MEM,23,8,560,6.7,16.0,.416,2.1,6.9,.300,4.6,9.1,.505,1.3,2.0,.652,2.1,6.6,8.6,2.4,1.4,0.7,1.9,2.9,16.7,,99,114
382,Ryan Rollins,PG,21,WAS,8,0,49,8.5,17.0,.500,0.9,1.9,.500,7.6,15.1,.500,12.3,15.1,.813,1.9,7.6,9.4,9.4,7.6,1.9,6.6,5.7,30.2,,114,107
383,Derrick Rose,PG,35,MEM,14,6,275,9.1,20.8,.441,1.8,5.3,.333,7.4,15.5,.477,3.3,3.7,.905,1.2,3.9,5.1,8.8,1.2,0.4,3.7,3.2,23.4,,106,117
384,Terry Rozier,SG,29,CHO,13,13,480,11.5,23.8,.483,3.6,9.0,.404,7.9,14.8,.531,4.7,5.5,.855,0.7,3.8,4.5,10.0,1.4,0.6,3.1,2.8,31.4,,121,123
385,Rayan Rupert,SG,19,POR,7,0,31,1.6,19.0,.083,1.6,9.5,.167,0.0,9.5,.000,3.2,6.3,.500,1.6,0.0,1.6,3.2,3.2,0.0,3.2,1.6,7.9,,48,117
386,D'Angelo Russell,PG,27,LAL,25,25,753,9.7,20.3,.478,3.3,8.5,.388,6.4,11.8,.543,2.7,3.6,.768,0.6,4.5,5.1,10.2,1.3,0.8,3.0,3.4,25.4,,117,114
387,Matt Ryan,SF,26,NOP,13,1,298,6.1,13.4,.458,5.2,11.0,.471,1.0,2.4,.400,2.1,2.3,.929,0.8,4.0,4.8,2.3,0.8,0.2,2.6,3.9,19.5,,117,119
388,Domantas Sabonis,C,27,SAC,23,23,806,9.6,17.0,.563,0.7,1.8,.400,8.8,15.2,.582,5.3,8.0,.672,4.7,12.2,16.9,9.4,1.2,0.9,4.0,4.6,25.2,,124,113
389,Luka Šamanić,PF,24,UTA,11,0,79,9.8,23.9,.410,2.5,10.4,.235,7.4,13.5,.545,1.2,1.2,1.000,1.8,12.9,14.7,1.8,0.6,1.2,3.7,4.9,23.3,,91,117
390,Jermaine Samuels,SF,25,HOU,5,0,29,3.4,6.8,.500,0.0,3.4,.000,3.4,3.4,1.000,3.4,3.4,1.000,1.7,10.2,11.9,3.4,0.0,1.7,0.0,5.1,10.2,,148,108
391,Gui Santos,PF,21,GSW,2,0,12,8.0,16.1,.500,0.0,4.0,.000,8.0,12.1,.667,0.0,0.0,,8.0,8.0,16.1,4.0,0.0,0.0,8.0,8.0,16.1,,86,118
392,Dario Šarić,C,29,GSW,24,4,512,8.3,18.1,.458,3.7,9.6,.382,4.6,8.5,.544,3.9,4.7,.820,3.7,10.0,13.7,5.1,1.4,0.6,2.7,5.6,24.1,,122,113
393,Olivier Sarr,C,24,OKC,5,0,54,2.6,5.3,.500,1.8,2.6,.667,0.9,2.6,.333,3.5,5.3,.667,3.5,14.1,17.7,0.9,0.0,4.4,1.8,8.8,10.6,,129,106
394,Marcus Sasser,PG,23,DET,23,0,387,8.7,18.4,.470,3.6,8.8,.408,5.1,9.6,.526,1.1,1.1,1.000,0.4,4.6,4.9,7.5,1.7,0.4,2.1,3.8,22.0,,118,120
395,Admiral Schofield,PF,26,ORL,6,0,22,6.5,19.6,.333,2.2,13.1,.167,4.4,6.5,.667,0.0,4.4,.000,0.0,6.5,6.5,2.2,0.0,0.0,6.5,10.9,15.3,,58,114
396,Dennis Schröder,PG,30,TOR,24,24,767,8.3,19.7,.421,2.7,7.5,.353,5.6,12.2,.464,4.2,4.8,.868,0.8,3.7,4.5,10.6,1.5,0.2,2.7,3.5,23.5,,117,118
397,Dereon Seabron,SG,23,NOP,5,0,52,3.7,12.0,.308,0.9,1.8,.500,2.8,10.2,.273,4.6,5.5,.833,0.9,5.5,6.5,3.7,1.8,0.9,0.0,3.7,12.9,,112,115
398,Alperen Şengün,C,21,HOU,21,21,679,12.3,23.2,.533,1.2,3.8,.308,11.2,19.4,.577,4.6,7.0,.649,3.7,10.2,13.9,8.3,1.4,1.2,4.1,4.9,30.4,,115,106
399,Brice Sensabaugh,SF,20,UTA,1,0,2,0.0,48.4,.000,0.0,0.0,,0.0,48.4,.000,0.0,0.0,,24.2,24.2,48.4,0.0,0.0,0.0,0.0,0.0,0.0,,37,114
400,Collin Sexton,SG,25,UTA,25,2,538,10.6,22.7,.468,2.7,8.1,.333,7.9,14.6,.543,7.0,7.9,.886,2.0,4.1,6.1,7.7,1.2,0.4,4.3,4.0,31.0,,117,122
Rk,Player,Pos,Age,Tm,G,GS,MP,FG,FGA,FG%,3P,3PA,3P%,2P,2PA,2P%,FT,FTA,FT%,ORB,DRB,TRB,AST,STL,BLK,TOV,PF,PTS,,ORtg,DRtg
401,Landry Shamet,SG,26,WAS,15,0,253,8.8,18.5,.475,4.4,11.0,.400,4.4,7.5,.585,0.9,2.0,.455,0.4,3.5,3.8,4.0,1.6,0.4,1.6,5.7,22.9,,111,124
402,Day'Ron Sharpe,C,22,BRK,24,0,385,8.4,15.2,.550,0.0,0.8,.000,8.4,14.5,.579,3.8,6.2,.612,7.6,13.5,21.1,3.3,1.1,2.3,3.7,6.9,20.6,,116,111
403,Shaedon Sharpe,SG,20,POR,23,22,844,8.3,20.1,.414,2.9,8.3,.352,5.4,11.8,.458,4.7,5.7,.827,2.0,5.6,7.6,4.8,1.3,0.5,3.7,4.0,24.3,,106,117
404,Ben Sheppard,SG,22,IND,10,0,64,8.6,20.1,.429,5.0,12.9,.389,3.6,7.2,.500,1.4,1.4,1.000,0.7,2.9,3.6,3.6,1.4,0.0,0.7,5.7,23.7,,120,124
405,Pascal Siakam,PF,29,TOR,24,24,828,11.4,22.6,.504,1.4,5.3,.253,10.0,17.3,.582,5.7,7.7,.740,2.2,7.3,9.6,7.1,1.2,0.3,3.5,3.2,29.9,,115,116
406,Ben Simmons,PG,27,BRK,6,6,191,4.9,9.2,.528,0.0,0.0,,4.9,9.2,.528,0.3,1.0,.250,4.1,12.5,16.6,10.2,0.8,1.3,3.8,4.1,10.0,,113,114
407,Anfernee Simons,SG,24,POR,5,5,161,11.9,28.4,.419,5.8,14.0,.413,6.1,14.4,.426,7.9,8.2,.963,1.2,1.8,3.1,7.9,1.2,0.3,3.7,3.4,37.6,,120,120
408,Jericho Sims,C,25,NYK,11,2,64,3.9,5.4,.714,0.0,0.0,,3.9,5.4,.714,0.8,2.3,.333,3.9,10.9,14.8,1.6,0.0,0.8,1.6,4.7,8.6,,125,115
409,Jalen Slawson,SF,24,SAC,5,0,19,5.0,7.6,.667,0.0,2.5,.000,5.0,5.0,1.000,0.0,0.0,,0.0,10.1,10.1,5.0,0.0,2.5,5.0,7.6,10.1,,88,115
410,Marcus Smart,PG,29,MEM,11,11,329,7.5,17.5,.429,2.6,9.0,.295,4.9,8.5,.569,2.5,3.1,.810,0.4,3.5,4.0,8.1,3.2,0.6,5.4,5.1,20.1,,96,112
411,Dennis Smith Jr.,PG,26,BRK,13,0,229,7.3,17.1,.425,1.5,4.7,.318,5.8,12.4,.466,2.6,3.0,.857,2.3,6.0,8.3,9.6,2.3,0.6,2.6,6.0,18.6,,116,115
412,Dru Smith,SG,26,MIA,9,0,131,5.6,12.4,.455,2.6,6.4,.412,3.0,6.0,.500,0.8,0.8,1.000,2.3,3.0,5.3,5.3,3.4,1.1,1.9,4.5,14.6,,118,112
413,Ish Smith,PG,35,CHO,16,0,251,5.0,8.5,.591,0.4,0.8,.500,4.6,7.7,.600,0.0,0.0,,0.8,4.2,5.0,8.1,1.2,0.2,4.4,3.5,10.4,,101,124
414,Jabari Smith Jr.,PF,20,HOU,21,21,637,8.1,16.5,.493,2.6,7.1,.370,5.5,9.4,.587,2.0,2.8,.722,2.9,11.2,14.2,2.9,1.0,1.2,2.2,5.0,20.9,,115,106
415,Jalen Smith,C,23,IND,14,0,216,11.3,16.0,.707,3.0,4.5,.667,8.3,11.5,.722,4.3,5.7,.741,4.3,12.1,16.4,2.6,1.1,0.9,3.2,6.2,29.8,,140,118
416,Nick Smith Jr.,SG,19,CHO,8,0,57,10.2,21.2,.480,6.8,10.2,.667,3.4,11.0,.308,0.0,0.0,,1.7,2.5,4.2,1.7,0.8,1.7,1.7,4.2,27.2,,119,124
417,Jeremy Sochan,PG,20,SAS,23,22,672,6.7,15.8,.420,1.4,3.9,.364,5.3,12.0,.439,2.4,3.2,.756,2.5,6.0,8.5,6.7,1.1,0.4,4.0,4.6,17.1,,98,120
418,Jaden Springer,SG,21,PHI,13,0,143,5.4,14.8,.364,1.3,4.7,.286,4.0,10.1,.400,3.4,4.7,.714,4.0,3.4,7.4,4.0,2.4,2.0,4.4,7.4,15.5,,94,113
419,Lamar Stevens,PF,26,BOS,7,0,29,8.5,16.9,.500,1.7,5.1,.333,6.8,11.8,.571,3.4,3.4,1.000,6.8,5.1,11.8,5.1,3.4,3.4,5.1,11.8,22.0,,114,104
420,Isaiah Stewart,PF,22,DET,24,24,738,6.0,13.2,.458,2.1,5.8,.371,3.9,7.4,.526,2.1,2.7,.786,2.9,8.0,10.8,2.3,0.5,0.9,2.7,4.0,16.3,,107,120
Rk,Player,Pos,Age,Tm,G,GS,MP,FG,FGA,FG%,3P,3PA,3P%,2P,2PA,2P%,FT,FTA,FT%,ORB,DRB,TRB,AST,STL,BLK,TOV,PF,PTS,,ORtg,DRtg
421,Julian Strawther,SF,21,DEN,23,0,315,7.7,19.9,.386,4.5,13.0,.349,3.1,6.9,.455,2.0,2.8,.722,0.2,5.2,5.3,4.1,1.7,0.8,1.3,5.5,21.9,,108,114
422,Max Strus,SF,27,CLE,25,25,865,6.9,16.7,.417,4.0,10.8,.365,3.0,5.8,.515,1.5,1.9,.794,1.1,6.6,7.7,5.4,1.3,0.7,2.1,4.2,19.4,,112,114
423,Jalen Suggs,SG,22,ORL,21,21,549,7.7,16.9,.456,2.9,7.8,.371,4.8,9.1,.529,4.0,4.9,.821,1.2,5.2,6.4,4.9,3.3,1.1,3.7,5.2,22.3,,109,106
424,Cole Swider,SF,24,MIA,3,0,29,10.2,23.7,.429,6.8,18.7,.364,3.4,5.1,.667,0.0,0.0,,0.0,1.7,1.7,5.1,1.7,1.7,1.7,1.7,27.1,,111,116
425,Jae'Sean Tate,SF,28,HOU,20,0,356,6.2,12.3,.506,1.9,5.4,.359,4.3,6.9,.620,1.2,1.8,.692,2.8,7.2,10.0,3.2,2.5,0.8,1.1,6.6,15.6,,124,105
426,Jayson Tatum,PF,25,BOS,23,23,847,12.6,25.9,.487,4.0,11.5,.347,8.6,14.4,.598,7.2,9.0,.800,1.0,10.8,11.8,5.6,1.3,0.7,4.3,3.0,36.4,,116,109
427,Terry Taylor,PF,24,CHI,6,0,12,8.4,8.4,1.000,0.0,0.0,,8.4,8.4,1.000,0.0,0.0,,4.2,4.2,8.4,0.0,4.2,0.0,0.0,0.0,16.7,,205,114
428,Garrett Temple,SG,37,TOR,5,0,16,12.2,15.2,.800,3.0,3.0,1.000,9.1,12.2,.750,6.1,6.1,1.000,0.0,6.1,6.1,6.1,3.0,0.0,0.0,0.0,33.5,,193,113
429,Dalen Terry,SG,21,CHI,10,0,52,3.9,12.5,.308,1.9,7.7,.250,1.9,4.8,.400,1.9,3.9,.500,1.9,8.7,10.6,5.8,0.0,2.9,1.9,5.8,11.6,,96,117
430,Daniel Theis,C,31,TOT,14,0,230,8.3,18.5,.448,1.3,3.4,.375,7.0,15.1,.465,1.9,3.0,.643,4.9,6.4,11.3,2.8,1.3,2.8,1.5,7.2,19.8,,111,111
430,Daniel Theis,C,31,IND,1,0,8,5.7,23.0,.250,0.0,5.7,.000,5.7,17.2,.333,0.0,0.0,,0.0,0.0,0.0,0.0,0.0,0.0,0.0,5.7,11.5,,55,129
430,Daniel Theis,C,31,LAC,13,0,222,8.4,18.3,.458,1.3,3.3,.400,7.1,15.0,.471,2.0,3.1,.643,5.1,6.6,11.7,2.9,1.3,2.9,1.5,7.3,20.1,,113,110
431,Cam Thomas,SG,22,BRK,15,13,464,13.3,30.4,.436,3.3,9.4,.348,10.0,21.1,.475,6.1,7.4,.829,0.3,4.6,4.9,3.6,0.9,0.8,2.5,3.1,35.9,,108,119
432,Amen Thompson,SF,21,HOU,5,0,77,6.4,15.4,.417,1.3,7.7,.167,5.1,7.7,.667,3.2,5.1,.625,1.9,8.3,10.2,4.5,1.3,0.6,3.8,6.4,17.3,,94,108
433,Ausar Thompson,SF,21,DET,24,20,664,7.6,16.4,.465,0.5,3.5,.143,7.1,12.9,.553,2.5,3.6,.680,5.0,9.5,14.6,4.3,1.7,2.2,3.2,6.1,18.2,,105,115
434,Klay Thompson,SF,33,GSW,23,23,692,8.7,21.4,.407,4.7,12.8,.364,4.0,8.6,.472,3.6,4.0,.897,0.9,5.2,6.1,3.4,0.7,0.8,3.0,3.5,25.7,,108,118
435,Tristan Thompson,PF,32,CLE,20,0,197,6.0,8.4,.706,0.0,0.0,,6.0,8.4,.706,1.7,4.2,.412,6.7,8.7,15.4,3.5,0.5,2.0,2.5,4.0,13.6,,129,113
436,JT Thor,PF,21,CHO,19,1,305,4.1,10.5,.394,1.9,5.9,.324,2.2,4.6,.483,0.0,0.6,.000,2.2,5.7,7.9,1.6,1.0,1.0,0.8,3.8,10.2,,104,123
437,Matisse Thybulle,SF,26,POR,23,12,546,4.8,10.2,.469,3.3,8.0,.416,1.4,2.2,.667,0.5,0.7,.750,0.8,3.2,4.0,2.3,3.2,1.5,1.5,2.4,13.4,,119,113
438,Xavier Tillman Sr.,C,25,MEM,12,5,245,7.1,17.2,.414,1.6,5.3,.296,5.5,11.8,.467,1.0,2.8,.357,3.4,6.9,10.3,3.9,3.6,1.8,2.2,4.1,16.8,,97,108
439,Jacob Toppin,SF,23,NYK,1,0,2,0.0,0.0,,0.0,0.0,,0.0,0.0,,0.0,0.0,,0.0,0.0,0.0,0.0,0.0,24.9,0.0,0.0,0.0,,,91
440,Obi Toppin,PF,25,IND,22,21,526,9.5,15.9,.599,2.3,6.4,.356,7.3,9.5,.761,2.4,3.0,.794,1.9,4.5,6.4,2.4,1.1,1.1,1.5,4.1,23.7,,132,122
Rk,Player,Pos,Age,Tm,G,GS,MP,FG,FGA,FG%,3P,3PA,3P%,2P,2PA,2P%,FT,FTA,FT%,ORB,DRB,TRB,AST,STL,BLK,TOV,PF,PTS,,ORtg,DRtg
441,Karl-Anthony Towns,PF,28,MIN,23,23,761,11.4,22.4,.510,3.0,7.1,.423,8.4,15.3,.550,5.9,6.6,.893,2.0,11.8,13.9,4.4,1.2,1.0,4.3,5.0,31.8,,115,105
442,Gary Trent Jr.,SG,25,TOR,21,2,523,7.4,19.5,.381,3.6,10.2,.355,3.8,9.3,.410,1.8,3.0,.594,0.5,3.2,3.6,2.7,1.3,0.2,1.1,2.0,20.3,,102,119
443,Oscar Tshiebwe,PF,24,IND,1,0,6,0.0,7.7,.000,0.0,0.0,,0.0,7.7,.000,7.7,15.3,.500,0.0,7.7,7.7,0.0,0.0,0.0,0.0,7.7,7.7,,62,124
444,P.J. Tucker,PF,38,TOT,15,3,239,1.2,3.9,.316,1.0,3.3,.313,0.2,0.6,.333,0.6,0.6,1.000,3.3,5.5,8.8,1.6,1.8,0.6,0.8,7.1,4.1,,123,113
444,P.J. Tucker,PF,38,PHI,3,3,66,1.5,3.7,.400,1.5,3.7,.400,0.0,0.0,,0.0,0.0,,0.7,9.5,10.2,0.0,2.2,1.5,1.5,6.6,4.4,,89,110
444,P.J. Tucker,PF,38,LAC,12,0,173,1.1,4.0,.286,0.8,3.1,.273,0.3,0.8,.333,0.8,0.8,1.000,4.2,4.0,8.2,2.3,1.7,0.3,0.6,7.4,4.0,,133,114
445,Myles Turner,C,27,IND,22,22,612,10.7,20.7,.518,2.3,7.1,.330,8.4,13.7,.615,5.3,6.8,.769,3.2,10.1,13.3,2.2,1.1,3.5,2.3,5.4,29.1,,120,116
446,Hunter Tyson,PF,23,DEN,8,0,20,2.5,9.8,.250,0.0,7.4,.000,2.5,2.5,1.000,0.0,0.0,,0.0,12.3,12.3,2.5,0.0,0.0,0.0,12.3,4.9,,70,114
447,Stanley Umude,SG,24,DET,15,0,155,6.2,13.6,.455,4.3,8.3,.519,1.9,5.2,.353,6.5,7.1,.913,0.9,7.7,8.6,2.5,1.2,1.5,3.1,7.4,23.2,,123,118
448,Jonas Valančiūnas,C,31,NOP,25,25,681,9.6,17.1,.562,1.2,3.2,.370,8.4,13.8,.607,4.4,5.5,.795,4.2,12.3,16.5,4.2,0.8,2.3,2.4,5.6,24.7,,126,111
449,Jarred Vanderbilt,PF,24,LAL,4,0,60,1.6,5.6,.286,0.0,3.2,.000,1.6,2.4,.667,0.8,1.6,.500,4.0,10.4,14.3,3.2,1.6,1.6,0.8,3.2,4.0,,104,109
450,Fred VanVleet,PG,29,HOU,20,20,760,6.9,18.4,.378,3.9,10.4,.373,3.0,7.9,.385,3.5,4.1,.857,0.4,5.1,5.5,11.1,1.2,0.6,2.3,2.3,21.3,,117,110
451,Devin Vassell,SG,23,SAS,18,12,525,10.3,22.2,.464,4.0,11.3,.357,6.3,10.9,.574,3.7,4.7,.774,0.8,4.7,5.5,4.6,1.6,0.2,2.3,1.7,28.3,,112,120
452,Sasha Vezenkov,PF,28,SAC,20,0,286,7.7,17.6,.438,4.0,11.0,.364,3.7,6.5,.564,1.0,1.3,.750,2.0,6.7,8.7,1.5,1.7,1.0,1.2,4.0,20.4,,112,115
453,Gabe Vincent,PG,27,LAL,4,0,113,4.7,11.8,.393,0.4,5.9,.071,4.2,5.9,.714,0.4,0.8,.500,0.8,0.8,1.7,5.1,2.5,0.0,0.8,4.2,10.1,,99,115
454,Nikola Vučević,C,33,CHI,26,26,897,10.4,22.7,.456,1.4,5.2,.269,9.0,17.5,.511,2.1,2.5,.864,4.2,11.2,15.4,5.0,1.2,1.1,2.5,4.0,24.2,,109,115
455,Dean Wade,PF,27,CLE,18,11,368,3.2,8.9,.358,2.7,8.1,.328,0.5,0.8,.667,0.9,1.3,.700,2.9,7.3,10.2,1.9,2.3,0.5,1.1,4.9,10.0,,115,111
456,Franz Wagner,SF,22,ORL,23,23,762,11.0,24.0,.458,2.2,7.2,.304,8.8,16.8,.524,5.6,6.7,.832,1.7,6.5,8.2,5.4,1.5,0.5,2.4,3.0,29.8,,115,110
457,Moritz Wagner,C,26,ORL,23,0,444,12.0,19.2,.624,1.4,4.1,.342,10.6,15.1,.700,5.2,6.7,.774,3.6,6.9,10.5,2.8,1.3,1.0,3.6,5.9,30.6,,124,110
458,Ish Wainright,SF,29,POR,2,0,5,0.0,9.8,.000,0.0,9.8,.000,0.0,0.0,,0.0,0.0,,0.0,0.0,0.0,0.0,9.8,0.0,0.0,9.8,0.0,,0,102
459,Jabari Walker,SF,21,POR,23,0,428,7.7,16.8,.459,1.4,5.4,.255,6.3,11.4,.556,3.6,4.7,.756,4.4,9.1,13.4,2.0,2.1,1.0,2.4,5.9,20.3,,110,112
460,Jarace Walker,PF,20,IND,6,0,47,7.8,20.5,.381,1.0,6.8,.143,6.8,13.7,.500,2.9,2.9,1.000,1.0,6.8,7.8,7.8,2.0,2.9,2.0,7.8,19.6,,103,117
Rk,Player,Pos,Age,Tm,G,GS,MP,FG,FGA,FG%,3P,3PA,3P%,2P,2PA,2P%,FT,FTA,FT%,ORB,DRB,TRB,AST,STL,BLK,TOV,PF,PTS,,ORtg,DRtg
461,Lonnie Walker IV,SG,25,BRK,17,0,362,11.9,24.3,.489,5.9,12.8,.463,5.9,11.5,.518,3.9,5.1,.763,0.4,5.7,6.1,3.8,1.3,0.9,3.4,2.2,33.6,,117,117
462,Cason Wallace,SG,20,OKC,23,5,509,6.2,10.6,.584,2.4,4.7,.520,3.7,5.9,.635,1.1,1.4,.800,1.0,3.8,4.9,3.0,1.3,1.0,1.0,3.8,15.9,,137,115
463,P.J. Washington,PF,25,CHO,21,12,626,8.2,18.9,.433,3.1,9.4,.328,5.1,9.5,.537,2.2,3.0,.718,1.8,6.5,8.3,3.9,1.2,1.5,2.3,4.5,21.7,,107,121
464,TyTy Washington Jr.,PG,22,MIL,2,0,6,7.9,23.6,.333,7.9,15.7,.500,0.0,7.9,.000,0.0,0.0,,0.0,7.9,7.9,0.0,7.9,0.0,15.7,0.0,23.6,,54,103
465,Yuta Watanabe,SF,29,PHO,18,0,320,4.3,12.4,.350,3.6,10.2,.348,0.8,2.2,.357,1.4,2.0,.692,1.5,4.5,6.0,1.5,1.1,1.1,2.2,4.5,13.6,,99,118
466,Lindy Waters III,SG,26,OKC,9,0,70,6.1,15.0,.409,5.4,14.3,.381,0.7,0.7,1.000,0.0,0.0,,0.7,3.4,4.1,4.1,0.0,0.7,0.0,4.1,17.7,,130,119
467,Trendon Watford,PF,23,BRK,17,0,254,9.4,18.1,.521,1.0,3.3,.294,8.5,14.8,.571,3.1,3.3,.941,3.7,8.1,11.7,6.5,1.7,1.0,3.7,6.9,22.9,,117,114
468,Peyton Watson,SF,21,DEN,24,0,394,6.2,12.9,.485,0.7,3.4,.222,5.5,9.5,.579,2.5,3.7,.667,1.7,4.9,6.6,3.1,1.6,2.9,1.9,4.6,15.7,,109,112
469,Victor Wembanyama,PF,20,SAS,22,22,670,11.2,25.6,.437,2.2,7.9,.274,9.0,17.6,.510,5.3,6.7,.792,3.8,12.7,16.5,3.9,2.0,4.6,5.3,4.1,29.8,,97,109
470,Blake Wesley,SG,20,SAS,5,0,24,5.9,15.7,.375,0.0,2.0,.000,5.9,13.7,.429,2.0,3.9,.500,2.0,2.0,3.9,9.8,0.0,2.0,2.0,5.9,13.7,,99,123
471,Russell Westbrook,PG,35,LAC,24,10,595,9.0,20.1,.447,1.4,4.9,.283,7.6,15.1,.500,3.0,4.8,.621,3.0,9.5,12.5,9.4,2.1,1.0,4.8,4.1,22.3,,103,109
472,Coby White,PG,23,CHI,26,26,893,8.7,19.4,.448,4.7,10.9,.428,4.0,8.5,.474,2.9,3.5,.810,0.6,4.8,5.4,6.9,1.3,0.3,2.6,3.9,25.0,,118,120
473,Derrick White,SG,29,BOS,20,20,655,7.4,15.3,.483,3.7,8.8,.427,3.7,6.6,.557,4.5,5.1,.882,1.1,4.7,5.8,7.5,1.8,1.3,2.8,3.5,23.0,,130,111
474,Cam Whitmore,SF,19,HOU,5,0,32,10.8,23.1,.467,1.5,7.7,.200,9.2,15.4,.600,7.7,15.4,.500,1.5,10.8,12.3,3.1,1.5,0.0,3.1,3.1,30.8,,100,107
475,Aaron Wiggins,SG,25,OKC,21,0,248,7.9,12.9,.612,2.1,4.4,.478,5.8,8.5,.682,2.9,4.0,.714,2.3,5.8,8.1,2.7,1.7,0.2,2.1,4.0,20.8,,130,114
476,Andrew Wiggins,SF,28,GSW,22,21,586,8.5,20.5,.414,1.6,5.9,.264,6.9,14.6,.475,3.1,5.0,.623,3.5,4.4,7.8,2.0,0.5,0.7,3.5,4.6,21.6,,95,119
477,Lindell Wigginton,PG,25,MIL,1,0,2,0.0,23.6,.000,0.0,23.6,.000,0.0,0.0,,0.0,0.0,,0.0,0.0,0.0,0.0,0.0,0.0,23.6,23.6,0.0,,0,125
478,Grant Williams,PF,25,DAL,21,21,623,5.5,12.8,.425,3.8,9.2,.408,1.7,3.6,.468,1.5,2.4,.645,1.8,4.1,5.9,2.6,0.5,0.8,1.5,4.4,16.2,,117,120
479,Jalen Williams,PF,22,OKC,20,20,647,9.4,19.0,.496,1.5,4.3,.362,7.9,14.7,.535,4.9,5.5,.880,0.6,5.5,6.1,5.4,1.3,0.5,2.7,4.3,25.3,,115,115
480,Jaylin Williams,C,21,OKC,18,0,231,5.2,13.8,.373,2.9,8.5,.341,2.3,5.4,.423,2.3,2.5,.917,2.1,10.7,12.8,5.4,1.2,0.4,1.7,6.0,15.5,,114,110
Rk,Player,Pos,Age,Tm,G,GS,MP,FG,FGA,FG%,3P,3PA,3P%,2P,2PA,2P%,FT,FTA,FT%,ORB,DRB,TRB,AST,STL,BLK,TOV,PF,PTS,,ORtg,DRtg
481,Jeenathan Williams,SG,24,HOU,4,0,22,13.4,24.6,.545,0.0,4.5,.000,13.4,20.2,.667,2.2,4.5,.500,0.0,0.0,0.0,4.5,2.2,0.0,0.0,4.5,29.1,,115,111
482,Kenrich Williams,PF,29,OKC,13,0,191,6.5,13.0,.500,2.5,6.0,.417,4.0,7.0,.571,0.7,2.5,.300,2.0,6.2,8.2,4.7,1.2,0.5,0.7,5.7,16.2,,125,114
483,Mark Williams,C,22,CHO,19,19,508,9.3,14.4,.649,0.0,0.0,,9.3,14.4,.649,4.4,6.1,.719,7.2,10.3,17.5,2.1,1.5,1.9,1.6,4.8,23.1,,139,117
484,Patrick Williams,PF,22,CHI,26,16,685,6.2,14.7,.420,2.1,6.1,.349,4.0,8.6,.470,2.3,3.2,.705,2.3,5.5,7.8,2.6,1.9,1.8,2.1,3.4,16.7,,105,116
485,Robert Williams,C,26,POR,6,0,119,7.0,10.7,.654,0.0,0.0,,7.0,10.7,.654,2.9,3.7,.778,4.5,11.2,15.7,2.1,2.9,2.9,2.9,7.0,16.9,,123,107
486,Vince Williams Jr.,SG,23,MEM,15,1,247,4.3,9.8,.440,2.9,7.8,.375,1.4,2.0,.700,3.7,4.5,.826,2.0,9.4,11.4,3.3,1.0,1.4,1.6,6.7,15.3,,128,113
487,Ziaire Williams,SF,22,MEM,21,8,426,6.5,16.9,.383,2.7,8.4,.324,3.7,8.5,.440,2.7,3.1,.889,1.5,8.1,9.5,3.1,1.1,0.6,2.7,4.3,18.4,,98,114
488,Zion Williamson,PF,23,NOP,20,20,620,13.9,23.8,.584,0.2,0.5,.333,13.8,23.4,.589,7.4,11.3,.658,2.9,5.7,8.6,7.3,1.7,0.5,4.1,3.9,35.5,,119,115
489,Jalen Wilson,PF,23,BRK,4,0,27,5.4,9.0,.600,1.8,1.8,1.000,3.6,7.2,.500,3.6,3.6,1.000,3.6,7.2,10.9,3.6,0.0,1.8,0.0,0.0,16.3,,175,118
490,Dylan Windler,SF,27,NYK,3,0,7,7.1,14.2,.500,7.1,14.2,.500,0.0,0.0,,0.0,0.0,,0.0,7.1,7.1,7.1,0.0,0.0,0.0,7.1,21.3,,169,118
491,James Wiseman,C,22,DET,14,0,164,9.3,14.0,.667,0.0,0.3,.000,9.3,13.7,.681,2.9,5.0,.588,4.4,8.8,13.1,1.5,0.9,2.6,3.5,9.0,21.6,,115,117
492,Christian Wood,PF,28,LAL,23,1,455,6.0,13.2,.452,1.6,5.9,.268,4.4,7.3,.600,3.3,4.9,.660,2.3,11.9,14.2,2.1,0.4,1.3,3.0,4.1,16.8,,100,111
493,Delon Wright,PG,31,WAS,8,0,141,3.6,9.8,.367,1.3,3.6,.364,2.3,6.2,.368,4.6,5.3,.875,1.0,5.6,6.6,11.5,4.3,0.3,1.3,2.0,13.1,,130,117
494,Thaddeus Young,PF,35,TOR,3,0,10,9.7,19.5,.500,0.0,0.0,,9.7,19.5,.500,0.0,9.7,.000,4.9,9.7,14.6,14.6,0.0,0.0,4.9,0.0,19.5,,96,118
495,Trae Young,PG,25,ATL,21,21,751,11.0,26.4,.417,4.0,11.2,.358,7.0,15.1,.461,9.9,11.3,.872,0.8,2.8,3.6,14.3,1.9,0.2,5.2,2.1,35.8,,120,123
496,Omer Yurtseven,C,25,UTA,18,6,227,7.5,14.5,.515,0.6,2.8,.231,6.8,11.7,.582,1.3,1.7,.750,6.4,12.2,18.6,2.8,0.9,2.1,4.1,6.6,16.9,,105,116
497,Cody Zeller,C,31,NOP,20,0,189,2.8,8.6,.324,0.0,0.3,.000,2.8,8.4,.333,3.3,6.1,.542,5.6,8.9,14.5,5.3,1.0,0.5,1.5,6.1,8.9,,109,115
498,Ivica Zubac,C,26,LAC,24,24,646,9.4,15.2,.620,0.0,0.0,,9.4,15.2,.620,2.9,4.9,.585,5.5,10.8,16.3,1.7,0.3,2.7,2.3,5.2,21.7,,123,110
